[0m22:36:41.145650 [debug] [MainThread]: Sending event: {'category': 'dbt', 'action': 'invocation', 'label': 'start', 'context': [<snowplow_tracker.self_describing_json.SelfDescribingJson object at 0x1147098b0>, <snowplow_tracker.self_describing_json.SelfDescribingJson object at 0x114b98f20>, <snowplow_tracker.self_describing_json.SelfDescribingJson object at 0x114b98c20>]}


============================== 22:36:41.162072 | 08455e87-54f0-4c25-9954-3d8b6101b6df ==============================
[0m22:36:41.162072 [info ] [MainThread]: Running with dbt=1.11.11
[0m22:36:41.162315 [debug] [MainThread]: running dbt with arguments {'no_print': 'None', 'empty': 'None', 'partial_parse': 'True', 'printer_width': '80', 'target_path': 'None', 'invocation_command': 'dbt debug --profiles-dir .', 'version_check': 'True', 'profiles_dir': '.', 'use_experimental_parser': 'False', 'quiet': 'False', 'introspect': 'True', 'log_cache_events': 'False', 'write_json': 'True', 'log_format': 'default', 'indirect_selection': 'eager', 'log_path': '/Users/rajatrampal/dbt-monitor/dbt_project/logs', 'send_anonymous_usage_stats': 'True', 'warn_error': 'None', 'use_colors': 'True', 'cache_selected_only': 'False', 'static_parser': 'True', 'debug': 'False', 'fail_fast': 'False', 'warn_error_options': 'WarnErrorOptionsV2(error=[], warn=[], silence=[])'}
[0m22:36:41.190678 [info ] [MainThread]: dbt version: 1.11.11
[0m22:36:41.191023 [info ] [MainThread]: python version: 3.12.13
[0m22:36:41.191172 [info ] [MainThread]: python path: /Users/rajatrampal/dbt-monitor/.venv/bin/python
[0m22:36:41.191275 [info ] [MainThread]: os info: macOS-15.3-arm64-arm-64bit
[0m22:36:41.192485 [info ] [MainThread]: Using profiles dir at .
[0m22:36:41.192593 [info ] [MainThread]: Using profiles.yml file at ./profiles.yml
[0m22:36:41.192681 [info ] [MainThread]: Using dbt_project.yml file at /Users/rajatrampal/dbt-monitor/dbt_project/dbt_project.yml
[0m22:36:41.232587 [info ] [MainThread]: Configuration:
[0m22:36:41.232830 [info ] [MainThread]:   profiles.yml file [[31mERROR invalid[0m]
[0m22:36:41.232955 [info ] [MainThread]:   dbt_project.yml file [[32mOK found and valid[0m]
[0m22:36:41.233051 [info ] [MainThread]: Required dependencies:
[0m22:36:41.233219 [debug] [MainThread]: Executing "git --help"
[0m22:36:41.253799 [debug] [MainThread]: STDOUT: "b"usage: git [-v | --version] [-h | --help] [-C <path>] [-c <name>=<value>]\n           [--exec-path[=<path>]] [--html-path] [--man-path] [--info-path]\n           [-p | --paginate | -P | --no-pager] [--no-replace-objects] [--bare]\n           [--git-dir=<path>] [--work-tree=<path>] [--namespace=<name>]\n           [--super-prefix=<path>] [--config-env=<name>=<envvar>]\n           <command> [<args>]\n\nThese are common Git commands used in various situations:\n\nstart a working area (see also: git help tutorial)\n   clone     Clone a repository into a new directory\n   init      Create an empty Git repository or reinitialize an existing one\n\nwork on the current change (see also: git help everyday)\n   add       Add file contents to the index\n   mv        Move or rename a file, a directory, or a symlink\n   restore   Restore working tree files\n   rm        Remove files from the working tree and from the index\n\nexamine the history and state (see also: git help revisions)\n   bisect    Use binary search to find the commit that introduced a bug\n   diff      Show changes between commits, commit and working tree, etc\n   grep      Print lines matching a pattern\n   log       Show commit logs\n   show      Show various types of objects\n   status    Show the working tree status\n\ngrow, mark and tweak your common history\n   branch    List, create, or delete branches\n   commit    Record changes to the repository\n   merge     Join two or more development histories together\n   rebase    Reapply commits on top of another base tip\n   reset     Reset current HEAD to the specified state\n   switch    Switch branches\n   tag       Create, list, delete or verify a tag object signed with GPG\n\ncollaborate (see also: git help workflows)\n   fetch     Download objects and refs from another repository\n   pull      Fetch from and integrate with another repository or a local branch\n   push      Update remote refs along with associated objects\n\n'git help -a' and 'git help -g' list available subcommands and some\nconcept guides. See 'git help <command>' or 'git help <concept>'\nto read about a specific subcommand or concept.\nSee 'git help git' for an overview of the system.\n""
[0m22:36:41.254197 [debug] [MainThread]: STDERR: "b''"
[0m22:36:41.254321 [info ] [MainThread]:  - git [[32mOK found[0m]

[0m22:36:41.254449 [info ] [MainThread]: Connection test skipped since no profile was found
[0m22:36:41.254553 [info ] [MainThread]: [31m1 check failed:[0m
[0m22:36:41.254643 [info ] [MainThread]: Profile loading failed for the following reason:
Runtime Error
  
  dbt encountered an error while trying to read your profiles.yml file.
  
  The profiles.yml file at ./profiles.yml is empty
  


[0m22:36:41.255038 [debug] [MainThread]: Resource report: {"command_name": "debug", "command_success": false, "command_wall_clock_time": 0.12662408, "process_in_blocks": "0", "process_kernel_time": 0.275228, "process_mem_max_rss": "148897792", "process_out_blocks": "0", "process_user_time": 1.238698}
[0m22:36:41.255263 [debug] [MainThread]: Command `dbt debug` failed at 22:36:41.255224 after 0.13 seconds
[0m22:36:41.255452 [debug] [MainThread]: Sending event: {'category': 'dbt', 'action': 'invocation', 'label': 'end', 'context': [<snowplow_tracker.self_describing_json.SelfDescribingJson object at 0x1143b7170>, <snowplow_tracker.self_describing_json.SelfDescribingJson object at 0x114ca7950>, <snowplow_tracker.self_describing_json.SelfDescribingJson object at 0x114778d40>]}
[0m22:36:41.255607 [debug] [MainThread]: Flushing usage events
[0m22:36:41.702806 [debug] [MainThread]: An error was encountered while trying to flush usage events
[0m22:37:09.039011 [debug] [MainThread]: Sending event: {'category': 'dbt', 'action': 'invocation', 'label': 'start', 'context': [<snowplow_tracker.self_describing_json.SelfDescribingJson object at 0x10681cda0>, <snowplow_tracker.self_describing_json.SelfDescribingJson object at 0x107dc48c0>, <snowplow_tracker.self_describing_json.SelfDescribingJson object at 0x107dc45f0>]}


============================== 22:37:09.041144 | 009dfba7-7316-4768-9951-40db4fe82d4b ==============================
[0m22:37:09.041144 [info ] [MainThread]: Running with dbt=1.11.11
[0m22:37:09.041385 [debug] [MainThread]: running dbt with arguments {'debug': 'False', 'fail_fast': 'False', 'use_colors': 'True', 'partial_parse': 'True', 'target_path': 'None', 'invocation_command': 'dbt debug --profiles-dir .', 'printer_width': '80', 'no_print': 'None', 'introspect': 'True', 'log_cache_events': 'False', 'log_path': '/Users/rajatrampal/dbt-monitor/dbt_project/logs', 'version_check': 'True', 'log_format': 'default', 'indirect_selection': 'eager', 'use_experimental_parser': 'False', 'warn_error_options': 'WarnErrorOptionsV2(error=[], warn=[], silence=[])', 'profiles_dir': '.', 'warn_error': 'None', 'send_anonymous_usage_stats': 'True', 'static_parser': 'True', 'empty': 'None', 'cache_selected_only': 'False', 'quiet': 'False', 'write_json': 'True'}
[0m22:37:09.046492 [info ] [MainThread]: dbt version: 1.11.11
[0m22:37:09.046615 [info ] [MainThread]: python version: 3.12.13
[0m22:37:09.046760 [info ] [MainThread]: python path: /Users/rajatrampal/dbt-monitor/.venv/bin/python
[0m22:37:09.046887 [info ] [MainThread]: os info: macOS-15.3-arm64-arm-64bit
[0m22:37:09.568080 [info ] [MainThread]: Using profiles dir at .
[0m22:37:09.568287 [info ] [MainThread]: Using profiles.yml file at ./profiles.yml
[0m22:37:09.568393 [info ] [MainThread]: Using dbt_project.yml file at /Users/rajatrampal/dbt-monitor/dbt_project/dbt_project.yml
[0m22:37:09.569420 [info ] [MainThread]: adapter type: duckdb
[0m22:37:09.569527 [info ] [MainThread]: adapter version: 1.10.1
[0m22:37:09.600572 [info ] [MainThread]: Configuration:
[0m22:37:09.600783 [info ] [MainThread]:   profiles.yml file [[32mOK found and valid[0m]
[0m22:37:09.600906 [info ] [MainThread]:   dbt_project.yml file [[32mOK found and valid[0m]
[0m22:37:09.600994 [info ] [MainThread]: Required dependencies:
[0m22:37:09.601133 [debug] [MainThread]: Executing "git --help"
[0m22:37:09.613326 [debug] [MainThread]: STDOUT: "b"usage: git [-v | --version] [-h | --help] [-C <path>] [-c <name>=<value>]\n           [--exec-path[=<path>]] [--html-path] [--man-path] [--info-path]\n           [-p | --paginate | -P | --no-pager] [--no-replace-objects] [--bare]\n           [--git-dir=<path>] [--work-tree=<path>] [--namespace=<name>]\n           [--super-prefix=<path>] [--config-env=<name>=<envvar>]\n           <command> [<args>]\n\nThese are common Git commands used in various situations:\n\nstart a working area (see also: git help tutorial)\n   clone     Clone a repository into a new directory\n   init      Create an empty Git repository or reinitialize an existing one\n\nwork on the current change (see also: git help everyday)\n   add       Add file contents to the index\n   mv        Move or rename a file, a directory, or a symlink\n   restore   Restore working tree files\n   rm        Remove files from the working tree and from the index\n\nexamine the history and state (see also: git help revisions)\n   bisect    Use binary search to find the commit that introduced a bug\n   diff      Show changes between commits, commit and working tree, etc\n   grep      Print lines matching a pattern\n   log       Show commit logs\n   show      Show various types of objects\n   status    Show the working tree status\n\ngrow, mark and tweak your common history\n   branch    List, create, or delete branches\n   commit    Record changes to the repository\n   merge     Join two or more development histories together\n   rebase    Reapply commits on top of another base tip\n   reset     Reset current HEAD to the specified state\n   switch    Switch branches\n   tag       Create, list, delete or verify a tag object signed with GPG\n\ncollaborate (see also: git help workflows)\n   fetch     Download objects and refs from another repository\n   pull      Fetch from and integrate with another repository or a local branch\n   push      Update remote refs along with associated objects\n\n'git help -a' and 'git help -g' list available subcommands and some\nconcept guides. See 'git help <command>' or 'git help <concept>'\nto read about a specific subcommand or concept.\nSee 'git help git' for an overview of the system.\n""
[0m22:37:09.613733 [debug] [MainThread]: STDERR: "b''"
[0m22:37:09.613894 [info ] [MainThread]:  - git [[32mOK found[0m]

[0m22:37:09.614018 [info ] [MainThread]: Connection:
[0m22:37:09.614180 [info ] [MainThread]:   database: dev
[0m22:37:09.614270 [info ] [MainThread]:   schema: main
[0m22:37:09.614364 [info ] [MainThread]:   path: dev.duckdb
[0m22:37:09.614454 [info ] [MainThread]:   config_options: None
[0m22:37:09.614545 [info ] [MainThread]:   extensions: None
[0m22:37:09.614641 [info ] [MainThread]:   settings: {}
[0m22:37:09.614727 [info ] [MainThread]:   external_root: .
[0m22:37:09.614819 [info ] [MainThread]:   use_credential_provider: None
[0m22:37:09.614912 [info ] [MainThread]:   attach: None
[0m22:37:09.614998 [info ] [MainThread]:   filesystems: None
[0m22:37:09.615084 [info ] [MainThread]:   remote: None
[0m22:37:09.615173 [info ] [MainThread]:   plugins: None
[0m22:37:09.615257 [info ] [MainThread]:   disable_transactions: False
[0m22:37:09.615514 [info ] [MainThread]: Registered adapter: duckdb=1.10.1
[0m22:37:09.652852 [debug] [MainThread]: Acquiring new duckdb connection 'debug'
[0m22:37:09.684869 [debug] [MainThread]: Using duckdb connection "debug"
[0m22:37:09.685026 [debug] [MainThread]: On debug: select 1 as id
[0m22:37:09.685114 [debug] [MainThread]: Opening a new connection, currently in state init
[0m22:37:09.691911 [debug] [MainThread]: SQL status: OK in 0.007 seconds
[0m22:37:09.692241 [debug] [MainThread]: On debug: Close
[0m22:37:09.692368 [info ] [MainThread]:   Connection test: [[32mOK connection ok[0m]

[0m22:37:09.692484 [info ] [MainThread]: [32mAll checks passed![0m
[0m22:37:09.692720 [debug] [MainThread]: Resource report: {"command_name": "debug", "command_success": true, "command_wall_clock_time": 0.68127584, "process_in_blocks": "0", "process_kernel_time": 0.129439, "process_mem_max_rss": "136429568", "process_out_blocks": "0", "process_user_time": 0.567004}
[0m22:37:09.692898 [debug] [MainThread]: Command `dbt debug` succeeded at 22:37:09.692855 after 0.68 seconds
[0m22:37:09.693005 [debug] [MainThread]: Connection 'debug' was properly closed.
[0m22:37:09.693113 [debug] [MainThread]: Sending event: {'category': 'dbt', 'action': 'invocation', 'label': 'end', 'context': [<snowplow_tracker.self_describing_json.SelfDescribingJson object at 0x107517b00>, <snowplow_tracker.self_describing_json.SelfDescribingJson object at 0x1075347d0>, <snowplow_tracker.self_describing_json.SelfDescribingJson object at 0x106ce49b0>]}
[0m22:37:09.693243 [debug] [MainThread]: Flushing usage events
[0m22:37:10.014086 [debug] [MainThread]: An error was encountered while trying to flush usage events
[0m22:37:59.967436 [debug] [MainThread]: Sending event: {'category': 'dbt', 'action': 'invocation', 'label': 'start', 'context': [<snowplow_tracker.self_describing_json.SelfDescribingJson object at 0x105c18a40>, <snowplow_tracker.self_describing_json.SelfDescribingJson object at 0x106c24440>, <snowplow_tracker.self_describing_json.SelfDescribingJson object at 0x106c24170>]}


============================== 22:37:59.969482 | 54e63b37-8e32-4dc7-8d2e-0634091b1212 ==============================
[0m22:37:59.969482 [info ] [MainThread]: Running with dbt=1.11.11
[0m22:37:59.969719 [debug] [MainThread]: running dbt with arguments {'send_anonymous_usage_stats': 'True', 'use_colors': 'True', 'introspect': 'True', 'target_path': 'None', 'debug': 'False', 'cache_selected_only': 'False', 'printer_width': '80', 'log_format': 'default', 'fail_fast': 'False', 'warn_error_options': 'WarnErrorOptionsV2(error=[], warn=[], silence=[])', 'invocation_command': 'dbt run --profiles-dir .', 'no_print': 'None', 'partial_parse': 'True', 'profiles_dir': '.', 'static_parser': 'True', 'version_check': 'True', 'log_cache_events': 'False', 'warn_error': 'None', 'write_json': 'True', 'indirect_selection': 'eager', 'log_path': '/Users/rajatrampal/dbt-monitor/dbt_project/logs', 'use_experimental_parser': 'False', 'quiet': 'False', 'empty': 'False'}
[0m22:38:00.069641 [debug] [MainThread]: Sending event: {'category': 'dbt', 'action': 'project_id', 'label': '54e63b37-8e32-4dc7-8d2e-0634091b1212', 'context': [<snowplow_tracker.self_describing_json.SelfDescribingJson object at 0x106dfc050>]}
[0m22:38:00.088533 [debug] [MainThread]: Sending event: {'category': 'dbt', 'action': 'adapter_info', 'label': '54e63b37-8e32-4dc7-8d2e-0634091b1212', 'context': [<snowplow_tracker.self_describing_json.SelfDescribingJson object at 0x106ced7f0>]}
[0m22:38:00.089872 [info ] [MainThread]: Registered adapter: duckdb=1.10.1
[0m22:38:00.131649 [debug] [MainThread]: checksum: 30a8cc8fdcbf66701b0944d4ccce3fa46dd04b61e5df68b9f16d57b2e0e3f0be, vars: {}, profile: , target: , version: 1.11.11
[0m22:38:00.131985 [info ] [MainThread]: Unable to do partial parsing because saved manifest not found. Starting full parse.
[0m22:38:00.132125 [debug] [MainThread]: Sending event: {'category': 'dbt', 'action': 'partial_parser', 'label': '54e63b37-8e32-4dc7-8d2e-0634091b1212', 'context': [<snowplow_tracker.self_describing_json.SelfDescribingJson object at 0x106a102f0>]}
[0m22:38:00.483637 [debug] [MainThread]: Sending event: {'category': 'dbt', 'action': 'load_project', 'label': '54e63b37-8e32-4dc7-8d2e-0634091b1212', 'context': [<snowplow_tracker.self_describing_json.SelfDescribingJson object at 0x106ee0980>]}
[0m22:38:00.504224 [debug] [MainThread]: Wrote artifact WritableManifest to /Users/rajatrampal/dbt-monitor/dbt_project/target/manifest.json
[0m22:38:00.505094 [debug] [MainThread]: Wrote artifact SemanticManifest to /Users/rajatrampal/dbt-monitor/dbt_project/target/semantic_manifest.json
[0m22:38:00.517506 [debug] [MainThread]: Sending event: {'category': 'dbt', 'action': 'resource_counts', 'label': '54e63b37-8e32-4dc7-8d2e-0634091b1212', 'context': [<snowplow_tracker.self_describing_json.SelfDescribingJson object at 0x1072a83b0>]}
[0m22:38:00.517692 [info ] [MainThread]: Found 1 model, 485 macros
[0m22:38:00.517813 [debug] [MainThread]: Sending event: {'category': 'dbt', 'action': 'runnable_timing', 'label': '54e63b37-8e32-4dc7-8d2e-0634091b1212', 'context': [<snowplow_tracker.self_describing_json.SelfDescribingJson object at 0x1072a8650>]}
[0m22:38:00.518373 [info ] [MainThread]: 
[0m22:38:00.518488 [info ] [MainThread]: Concurrency: 1 threads (target='dev')
[0m22:38:00.518575 [info ] [MainThread]: 
[0m22:38:00.518737 [debug] [MainThread]: Acquiring new duckdb connection 'master'
[0m22:38:00.519027 [debug] [ThreadPool]: Acquiring new duckdb connection 'list_dev'
[0m22:38:00.540200 [debug] [ThreadPool]: Using duckdb connection "list_dev"
[0m22:38:00.540371 [debug] [ThreadPool]: On list_dev: /* {"app": "dbt", "dbt_version": "1.11.11", "profile_name": "dbt_monitor", "target_name": "dev", "connection_name": "list_dev"} */

    
    select schema_name
    from system.information_schema.schemata
    
    where lower(catalog_name) = '"dev"'
    
  
  
[0m22:38:00.540467 [debug] [ThreadPool]: Opening a new connection, currently in state init
[0m22:38:00.546436 [debug] [ThreadPool]: SQL status: OK in 0.006 seconds
[0m22:38:00.546923 [debug] [ThreadPool]: On list_dev: Close
[0m22:38:00.547166 [debug] [ThreadPool]: Re-using an available connection from the pool (formerly list_dev, now create_dev_main)
[0m22:38:00.547310 [debug] [ThreadPool]: Creating schema "database: "dev"
schema: "main"
"
[0m22:38:00.550149 [debug] [ThreadPool]: Using duckdb connection "create_dev_main"
[0m22:38:00.550250 [debug] [ThreadPool]: On create_dev_main: /* {"app": "dbt", "dbt_version": "1.11.11", "profile_name": "dbt_monitor", "target_name": "dev", "connection_name": "create_dev_main"} */

    
        select type from duckdb_databases()
        where lower(database_name)='dev'
        and type='sqlite'
    
  
[0m22:38:00.550331 [debug] [ThreadPool]: Opening a new connection, currently in state closed
[0m22:38:00.550704 [debug] [ThreadPool]: SQL status: OK in 0.000 seconds
[0m22:38:00.551124 [debug] [ThreadPool]: Using duckdb connection "create_dev_main"
[0m22:38:00.551212 [debug] [ThreadPool]: On create_dev_main: BEGIN
[0m22:38:00.551351 [debug] [ThreadPool]: SQL status: OK in 0.000 seconds
[0m22:38:00.551430 [debug] [ThreadPool]: Using duckdb connection "create_dev_main"
[0m22:38:00.551510 [debug] [ThreadPool]: On create_dev_main: /* {"app": "dbt", "dbt_version": "1.11.11", "profile_name": "dbt_monitor", "target_name": "dev", "connection_name": "create_dev_main"} */

    
    
        create schema if not exists "dev"."main"
    
[0m22:38:00.551707 [debug] [ThreadPool]: SQL status: OK in 0.000 seconds
[0m22:38:00.551954 [debug] [ThreadPool]: On create_dev_main: COMMIT
[0m22:38:00.552045 [debug] [ThreadPool]: Using duckdb connection "create_dev_main"
[0m22:38:00.552118 [debug] [ThreadPool]: On create_dev_main: COMMIT
[0m22:38:00.552248 [debug] [ThreadPool]: SQL status: OK in 0.000 seconds
[0m22:38:00.552331 [debug] [ThreadPool]: On create_dev_main: Close
[0m22:38:00.552640 [debug] [ThreadPool]: Re-using an available connection from the pool (formerly create_dev_main, now list_dev_main)
[0m22:38:00.554293 [debug] [ThreadPool]: Using duckdb connection "list_dev_main"
[0m22:38:00.554378 [debug] [ThreadPool]: On list_dev_main: BEGIN
[0m22:38:00.554447 [debug] [ThreadPool]: Opening a new connection, currently in state closed
[0m22:38:00.554589 [debug] [ThreadPool]: SQL status: OK in 0.000 seconds
[0m22:38:00.554700 [debug] [ThreadPool]: Using duckdb connection "list_dev_main"
[0m22:38:00.554832 [debug] [ThreadPool]: On list_dev_main: /* {"app": "dbt", "dbt_version": "1.11.11", "profile_name": "dbt_monitor", "target_name": "dev", "connection_name": "list_dev_main"} */
select
      'dev' as database,
      table_name as name,
      table_schema as schema,
      CASE table_type
        WHEN 'BASE TABLE' THEN 'table'
        WHEN 'VIEW' THEN 'view'
        WHEN 'LOCAL TEMPORARY' THEN 'table'
        END as type
    from system.information_schema.tables
    where lower(table_schema) = 'main'
    and lower(table_catalog) = 'dev'
  
[0m22:38:00.556406 [debug] [ThreadPool]: SQL status: OK in 0.001 seconds
[0m22:38:00.556869 [debug] [ThreadPool]: On list_dev_main: ROLLBACK
[0m22:38:00.557555 [debug] [ThreadPool]: Failed to rollback 'list_dev_main'
[0m22:38:00.557649 [debug] [ThreadPool]: On list_dev_main: Close
[0m22:38:00.557803 [debug] [MainThread]: Sending event: {'category': 'dbt', 'action': 'runnable_timing', 'label': '54e63b37-8e32-4dc7-8d2e-0634091b1212', 'context': [<snowplow_tracker.self_describing_json.SelfDescribingJson object at 0x107244a70>]}
[0m22:38:00.557942 [debug] [MainThread]: Using duckdb connection "master"
[0m22:38:00.558019 [debug] [MainThread]: On master: BEGIN
[0m22:38:00.558089 [debug] [MainThread]: Opening a new connection, currently in state init
[0m22:38:00.558231 [debug] [MainThread]: SQL status: OK in 0.000 seconds
[0m22:38:00.558314 [debug] [MainThread]: On master: COMMIT
[0m22:38:00.558395 [debug] [MainThread]: Using duckdb connection "master"
[0m22:38:00.558471 [debug] [MainThread]: On master: COMMIT
[0m22:38:00.558597 [debug] [MainThread]: SQL status: OK in 0.000 seconds
[0m22:38:00.558679 [debug] [MainThread]: On master: Close
[0m22:38:00.560426 [debug] [Thread-1 (]: Began running node model.dbt_monitor.stg_orders
[0m22:38:00.560585 [info ] [Thread-1 (]: 1 of 1 START sql view model main.stg_orders .................................... [RUN]
[0m22:38:00.560726 [debug] [Thread-1 (]: Re-using an available connection from the pool (formerly list_dev_main, now model.dbt_monitor.stg_orders)
[0m22:38:00.560837 [debug] [Thread-1 (]: Began compiling node model.dbt_monitor.stg_orders
[0m22:38:00.562899 [debug] [Thread-1 (]: Writing injected SQL for node "model.dbt_monitor.stg_orders"
[0m22:38:00.563196 [debug] [Thread-1 (]: Began executing node model.dbt_monitor.stg_orders
[0m22:38:00.574749 [debug] [Thread-1 (]: Writing runtime sql for node "model.dbt_monitor.stg_orders"
[0m22:38:00.575172 [debug] [Thread-1 (]: Using duckdb connection "model.dbt_monitor.stg_orders"
[0m22:38:00.575275 [debug] [Thread-1 (]: On model.dbt_monitor.stg_orders: BEGIN
[0m22:38:00.575364 [debug] [Thread-1 (]: Opening a new connection, currently in state closed
[0m22:38:00.575605 [debug] [Thread-1 (]: SQL status: OK in 0.000 seconds
[0m22:38:00.575706 [debug] [Thread-1 (]: Using duckdb connection "model.dbt_monitor.stg_orders"
[0m22:38:00.575805 [debug] [Thread-1 (]: On model.dbt_monitor.stg_orders: /* {"app": "dbt", "dbt_version": "1.11.11", "profile_name": "dbt_monitor", "target_name": "dev", "node_id": "model.dbt_monitor.stg_orders"} */

  
  create view "dev"."main"."stg_orders__dbt_tmp" as (
    SELECT 
    1 AS order_id,
    'pending' AS status,
    100.00 AS amount
  );

[0m22:38:00.576094 [debug] [Thread-1 (]: SQL status: OK in 0.000 seconds
[0m22:38:00.578047 [debug] [Thread-1 (]: Using duckdb connection "model.dbt_monitor.stg_orders"
[0m22:38:00.578147 [debug] [Thread-1 (]: On model.dbt_monitor.stg_orders: /* {"app": "dbt", "dbt_version": "1.11.11", "profile_name": "dbt_monitor", "target_name": "dev", "node_id": "model.dbt_monitor.stg_orders"} */
alter view "dev"."main"."stg_orders__dbt_tmp" rename to "stg_orders"
[0m22:38:00.578381 [debug] [Thread-1 (]: SQL status: OK in 0.000 seconds
[0m22:38:00.582045 [debug] [Thread-1 (]: On model.dbt_monitor.stg_orders: COMMIT
[0m22:38:00.582156 [debug] [Thread-1 (]: Using duckdb connection "model.dbt_monitor.stg_orders"
[0m22:38:00.582243 [debug] [Thread-1 (]: On model.dbt_monitor.stg_orders: COMMIT
[0m22:38:00.582607 [debug] [Thread-1 (]: SQL status: OK in 0.000 seconds
[0m22:38:00.584224 [debug] [Thread-1 (]: Using duckdb connection "model.dbt_monitor.stg_orders"
[0m22:38:00.584325 [debug] [Thread-1 (]: On model.dbt_monitor.stg_orders: /* {"app": "dbt", "dbt_version": "1.11.11", "profile_name": "dbt_monitor", "target_name": "dev", "node_id": "model.dbt_monitor.stg_orders"} */

      drop view if exists "dev"."main"."stg_orders__dbt_backup" cascade
    
[0m22:38:00.584511 [debug] [Thread-1 (]: SQL status: OK in 0.000 seconds
[0m22:38:00.585260 [debug] [Thread-1 (]: On model.dbt_monitor.stg_orders: Close
[0m22:38:00.586076 [debug] [Thread-1 (]: Sending event: {'category': 'dbt', 'action': 'run_model', 'label': '54e63b37-8e32-4dc7-8d2e-0634091b1212', 'context': [<snowplow_tracker.self_describing_json.SelfDescribingJson object at 0x1075e0da0>]}
[0m22:38:00.586275 [info ] [Thread-1 (]: 1 of 1 OK created sql view model main.stg_orders ............................... [[32mOK[0m in 0.02s]
[0m22:38:00.586457 [debug] [Thread-1 (]: Finished running node model.dbt_monitor.stg_orders
[0m22:38:00.586877 [debug] [MainThread]: Using duckdb connection "master"
[0m22:38:00.587014 [debug] [MainThread]: On master: BEGIN
[0m22:38:00.587113 [debug] [MainThread]: Opening a new connection, currently in state closed
[0m22:38:00.587311 [debug] [MainThread]: SQL status: OK in 0.000 seconds
[0m22:38:00.587407 [debug] [MainThread]: On master: COMMIT
[0m22:38:00.587494 [debug] [MainThread]: Using duckdb connection "master"
[0m22:38:00.587576 [debug] [MainThread]: On master: COMMIT
[0m22:38:00.587734 [debug] [MainThread]: SQL status: OK in 0.000 seconds
[0m22:38:00.587862 [debug] [MainThread]: On master: Close
[0m22:38:00.587996 [debug] [MainThread]: Connection 'master' was properly closed.
[0m22:38:00.588083 [debug] [MainThread]: Connection 'model.dbt_monitor.stg_orders' was properly closed.
[0m22:38:00.588174 [info ] [MainThread]: 
[0m22:38:00.588272 [info ] [MainThread]: Finished running 1 view model in 0 hours 0 minutes and 0.07 seconds (0.07s).
[0m22:38:00.588481 [debug] [MainThread]: Command end result
[0m22:38:00.597749 [debug] [MainThread]: Wrote artifact WritableManifest to /Users/rajatrampal/dbt-monitor/dbt_project/target/manifest.json
[0m22:38:00.598680 [debug] [MainThread]: Wrote artifact SemanticManifest to /Users/rajatrampal/dbt-monitor/dbt_project/target/semantic_manifest.json
[0m22:38:00.600635 [debug] [MainThread]: Wrote artifact RunExecutionResult to /Users/rajatrampal/dbt-monitor/dbt_project/target/run_results.json
[0m22:38:00.600732 [info ] [MainThread]: 
[0m22:38:00.600862 [info ] [MainThread]: [32mCompleted successfully[0m
[0m22:38:00.600955 [info ] [MainThread]: 
[0m22:38:00.601055 [info ] [MainThread]: Done. PASS=1 WARN=0 ERROR=0 SKIP=0 NO-OP=0 TOTAL=1
[0m22:38:00.601277 [debug] [MainThread]: Resource report: {"command_name": "run", "command_success": true, "command_wall_clock_time": 0.66082406, "process_in_blocks": "0", "process_kernel_time": 0.130979, "process_mem_max_rss": "149880832", "process_out_blocks": "0", "process_user_time": 0.994469}
[0m22:38:00.601429 [debug] [MainThread]: Command `dbt run` succeeded at 22:38:00.601400 after 0.66 seconds
[0m22:38:00.601546 [debug] [MainThread]: Sending event: {'category': 'dbt', 'action': 'invocation', 'label': 'end', 'context': [<snowplow_tracker.self_describing_json.SelfDescribingJson object at 0x1065f5c70>, <snowplow_tracker.self_describing_json.SelfDescribingJson object at 0x106c24290>, <snowplow_tracker.self_describing_json.SelfDescribingJson object at 0x106c24440>]}
[0m22:38:00.601653 [debug] [MainThread]: Flushing usage events
[0m22:38:00.966077 [debug] [MainThread]: An error was encountered while trying to flush usage events
[0m23:18:39.785693 [debug] [MainThread]: Sending event: {'category': 'dbt', 'action': 'invocation', 'label': 'start', 'context': [<snowplow_tracker.self_describing_json.SelfDescribingJson object at 0x106bb2ff0>, <snowplow_tracker.self_describing_json.SelfDescribingJson object at 0x10aaf39e0>, <snowplow_tracker.self_describing_json.SelfDescribingJson object at 0x10ac28170>]}


============================== 23:18:39.787730 | 3b714357-4734-49fa-a24d-190d9eff284b ==============================
[0m23:18:39.787730 [info ] [MainThread]: Running with dbt=1.11.11
[0m23:18:39.787976 [debug] [MainThread]: running dbt with arguments {'debug': 'False', 'target_path': 'None', 'warn_error_options': 'WarnErrorOptionsV2(error=[], warn=[], silence=[])', 'indirect_selection': 'eager', 'log_cache_events': 'False', 'version_check': 'True', 'cache_selected_only': 'False', 'warn_error': 'None', 'introspect': 'True', 'log_path': '/Users/rajatrampal/dbt-monitor/dbt_project/logs', 'quiet': 'False', 'printer_width': '80', 'use_experimental_parser': 'False', 'send_anonymous_usage_stats': 'True', 'partial_parse': 'True', 'invocation_command': 'dbt run --profiles-dir .', 'empty': 'False', 'fail_fast': 'False', 'profiles_dir': '.', 'write_json': 'True', 'use_colors': 'True', 'static_parser': 'True', 'log_format': 'default', 'no_print': 'None'}
[0m23:18:39.964982 [debug] [MainThread]: Sending event: {'category': 'dbt', 'action': 'project_id', 'label': '3b714357-4734-49fa-a24d-190d9eff284b', 'context': [<snowplow_tracker.self_describing_json.SelfDescribingJson object at 0x106ccc590>]}
[0m23:18:39.984598 [debug] [MainThread]: Sending event: {'category': 'dbt', 'action': 'adapter_info', 'label': '3b714357-4734-49fa-a24d-190d9eff284b', 'context': [<snowplow_tracker.self_describing_json.SelfDescribingJson object at 0x109de4ce0>]}
[0m23:18:39.985679 [info ] [MainThread]: Registered adapter: duckdb=1.10.1
[0m23:18:40.027421 [debug] [MainThread]: checksum: 30a8cc8fdcbf66701b0944d4ccce3fa46dd04b61e5df68b9f16d57b2e0e3f0be, vars: {}, profile: , target: , version: 1.11.11
[0m23:18:40.068316 [debug] [MainThread]: Partial parsing enabled: 0 files deleted, 0 files added, 0 files changed.
[0m23:18:40.068503 [debug] [MainThread]: Nothing changed, skipping partial parsing.
[0m23:18:40.068592 [debug] [MainThread]: Partial parsing enabled, no changes found, skipping parsing
[0m23:18:40.077021 [debug] [MainThread]: Sending event: {'category': 'dbt', 'action': 'load_project', 'label': '3b714357-4734-49fa-a24d-190d9eff284b', 'context': [<snowplow_tracker.self_describing_json.SelfDescribingJson object at 0x10ac8a450>]}
[0m23:18:40.098708 [debug] [MainThread]: Wrote artifact WritableManifest to /Users/rajatrampal/dbt-monitor/dbt_project/target/manifest.json
[0m23:18:40.099543 [debug] [MainThread]: Wrote artifact SemanticManifest to /Users/rajatrampal/dbt-monitor/dbt_project/target/semantic_manifest.json
[0m23:18:40.104217 [debug] [MainThread]: Sending event: {'category': 'dbt', 'action': 'resource_counts', 'label': '3b714357-4734-49fa-a24d-190d9eff284b', 'context': [<snowplow_tracker.self_describing_json.SelfDescribingJson object at 0x10c604770>]}
[0m23:18:40.104384 [info ] [MainThread]: Found 1 model, 485 macros
[0m23:18:40.104495 [debug] [MainThread]: Sending event: {'category': 'dbt', 'action': 'runnable_timing', 'label': '3b714357-4734-49fa-a24d-190d9eff284b', 'context': [<snowplow_tracker.self_describing_json.SelfDescribingJson object at 0x10c635940>]}
[0m23:18:40.105037 [info ] [MainThread]: 
[0m23:18:40.105141 [info ] [MainThread]: Concurrency: 1 threads (target='dev')
[0m23:18:40.105225 [info ] [MainThread]: 
[0m23:18:40.105391 [debug] [MainThread]: Acquiring new duckdb connection 'master'
[0m23:18:40.105757 [debug] [ThreadPool]: Acquiring new duckdb connection 'list_dev'
[0m23:18:40.131759 [debug] [ThreadPool]: Using duckdb connection "list_dev"
[0m23:18:40.131925 [debug] [ThreadPool]: On list_dev: /* {"app": "dbt", "dbt_version": "1.11.11", "profile_name": "dbt_monitor", "target_name": "dev", "connection_name": "list_dev"} */

    
    select schema_name
    from system.information_schema.schemata
    
    where lower(catalog_name) = '"dev"'
    
  
  
[0m23:18:40.132028 [debug] [ThreadPool]: Opening a new connection, currently in state init
[0m23:18:40.145799 [debug] [ThreadPool]: SQL status: OK in 0.014 seconds
[0m23:18:40.146336 [debug] [ThreadPool]: On list_dev: Close
[0m23:18:40.146565 [debug] [ThreadPool]: Re-using an available connection from the pool (formerly list_dev, now create_dev_main)
[0m23:18:40.146707 [debug] [ThreadPool]: Creating schema "database: "dev"
schema: "main"
"
[0m23:18:40.148992 [debug] [ThreadPool]: Using duckdb connection "create_dev_main"
[0m23:18:40.149096 [debug] [ThreadPool]: On create_dev_main: /* {"app": "dbt", "dbt_version": "1.11.11", "profile_name": "dbt_monitor", "target_name": "dev", "connection_name": "create_dev_main"} */

    
        select type from duckdb_databases()
        where lower(database_name)='dev'
        and type='sqlite'
    
  
[0m23:18:40.149195 [debug] [ThreadPool]: Opening a new connection, currently in state closed
[0m23:18:40.149858 [debug] [ThreadPool]: SQL status: OK in 0.001 seconds
[0m23:18:40.150286 [debug] [ThreadPool]: Using duckdb connection "create_dev_main"
[0m23:18:40.150365 [debug] [ThreadPool]: On create_dev_main: BEGIN
[0m23:18:40.150496 [debug] [ThreadPool]: SQL status: OK in 0.000 seconds
[0m23:18:40.150576 [debug] [ThreadPool]: Using duckdb connection "create_dev_main"
[0m23:18:40.150654 [debug] [ThreadPool]: On create_dev_main: /* {"app": "dbt", "dbt_version": "1.11.11", "profile_name": "dbt_monitor", "target_name": "dev", "connection_name": "create_dev_main"} */

    
    
        create schema if not exists "dev"."main"
    
[0m23:18:40.150893 [debug] [ThreadPool]: SQL status: OK in 0.000 seconds
[0m23:18:40.151239 [debug] [ThreadPool]: On create_dev_main: COMMIT
[0m23:18:40.151356 [debug] [ThreadPool]: Using duckdb connection "create_dev_main"
[0m23:18:40.151450 [debug] [ThreadPool]: On create_dev_main: COMMIT
[0m23:18:40.151627 [debug] [ThreadPool]: SQL status: OK in 0.000 seconds
[0m23:18:40.151731 [debug] [ThreadPool]: On create_dev_main: Close
[0m23:18:40.152063 [debug] [ThreadPool]: Re-using an available connection from the pool (formerly create_dev_main, now list_dev_main)
[0m23:18:40.153831 [debug] [ThreadPool]: Using duckdb connection "list_dev_main"
[0m23:18:40.153923 [debug] [ThreadPool]: On list_dev_main: BEGIN
[0m23:18:40.153996 [debug] [ThreadPool]: Opening a new connection, currently in state closed
[0m23:18:40.154173 [debug] [ThreadPool]: SQL status: OK in 0.000 seconds
[0m23:18:40.154255 [debug] [ThreadPool]: Using duckdb connection "list_dev_main"
[0m23:18:40.154339 [debug] [ThreadPool]: On list_dev_main: /* {"app": "dbt", "dbt_version": "1.11.11", "profile_name": "dbt_monitor", "target_name": "dev", "connection_name": "list_dev_main"} */
select
      'dev' as database,
      table_name as name,
      table_schema as schema,
      CASE table_type
        WHEN 'BASE TABLE' THEN 'table'
        WHEN 'VIEW' THEN 'view'
        WHEN 'LOCAL TEMPORARY' THEN 'table'
        END as type
    from system.information_schema.tables
    where lower(table_schema) = 'main'
    and lower(table_catalog) = 'dev'
  
[0m23:18:40.155682 [debug] [ThreadPool]: SQL status: OK in 0.001 seconds
[0m23:18:40.156099 [debug] [ThreadPool]: On list_dev_main: ROLLBACK
[0m23:18:40.156819 [debug] [ThreadPool]: Failed to rollback 'list_dev_main'
[0m23:18:40.156920 [debug] [ThreadPool]: On list_dev_main: Close
[0m23:18:40.157373 [debug] [MainThread]: Sending event: {'category': 'dbt', 'action': 'runnable_timing', 'label': '3b714357-4734-49fa-a24d-190d9eff284b', 'context': [<snowplow_tracker.self_describing_json.SelfDescribingJson object at 0x1074f6420>]}
[0m23:18:40.157536 [debug] [MainThread]: Using duckdb connection "master"
[0m23:18:40.157616 [debug] [MainThread]: On master: BEGIN
[0m23:18:40.157689 [debug] [MainThread]: Opening a new connection, currently in state init
[0m23:18:40.157864 [debug] [MainThread]: SQL status: OK in 0.000 seconds
[0m23:18:40.157945 [debug] [MainThread]: On master: COMMIT
[0m23:18:40.158028 [debug] [MainThread]: Using duckdb connection "master"
[0m23:18:40.158105 [debug] [MainThread]: On master: COMMIT
[0m23:18:40.158231 [debug] [MainThread]: SQL status: OK in 0.000 seconds
[0m23:18:40.158314 [debug] [MainThread]: On master: Close
[0m23:18:40.159520 [debug] [Thread-1 (]: Began running node model.dbt_monitor.stg_orders
[0m23:18:40.159731 [info ] [Thread-1 (]: 1 of 1 START sql view model main.stg_orders .................................... [RUN]
[0m23:18:40.159882 [debug] [Thread-1 (]: Re-using an available connection from the pool (formerly list_dev_main, now model.dbt_monitor.stg_orders)
[0m23:18:40.159990 [debug] [Thread-1 (]: Began compiling node model.dbt_monitor.stg_orders
[0m23:18:40.162103 [debug] [Thread-1 (]: Writing injected SQL for node "model.dbt_monitor.stg_orders"
[0m23:18:40.162315 [debug] [Thread-1 (]: Began executing node model.dbt_monitor.stg_orders
[0m23:18:40.172966 [debug] [Thread-1 (]: Writing runtime sql for node "model.dbt_monitor.stg_orders"
[0m23:18:40.173219 [debug] [Thread-1 (]: Using duckdb connection "model.dbt_monitor.stg_orders"
[0m23:18:40.173318 [debug] [Thread-1 (]: On model.dbt_monitor.stg_orders: BEGIN
[0m23:18:40.173415 [debug] [Thread-1 (]: Opening a new connection, currently in state closed
[0m23:18:40.173637 [debug] [Thread-1 (]: SQL status: OK in 0.000 seconds
[0m23:18:40.173737 [debug] [Thread-1 (]: Using duckdb connection "model.dbt_monitor.stg_orders"
[0m23:18:40.173837 [debug] [Thread-1 (]: On model.dbt_monitor.stg_orders: /* {"app": "dbt", "dbt_version": "1.11.11", "profile_name": "dbt_monitor", "target_name": "dev", "node_id": "model.dbt_monitor.stg_orders"} */

  
  create view "dev"."main"."stg_orders__dbt_tmp" as (
    SELECT 
    1 AS order_id,
    'pending' AS status,
    100.00 AS amount
  );

[0m23:18:40.174553 [debug] [Thread-1 (]: SQL status: OK in 0.001 seconds
[0m23:18:40.177008 [debug] [Thread-1 (]: Using duckdb connection "model.dbt_monitor.stg_orders"
[0m23:18:40.177118 [debug] [Thread-1 (]: On model.dbt_monitor.stg_orders: /* {"app": "dbt", "dbt_version": "1.11.11", "profile_name": "dbt_monitor", "target_name": "dev", "node_id": "model.dbt_monitor.stg_orders"} */
alter view "dev"."main"."stg_orders" rename to "stg_orders__dbt_backup"
[0m23:18:40.177565 [debug] [Thread-1 (]: SQL status: OK in 0.000 seconds
[0m23:18:40.178427 [debug] [Thread-1 (]: Using duckdb connection "model.dbt_monitor.stg_orders"
[0m23:18:40.178521 [debug] [Thread-1 (]: On model.dbt_monitor.stg_orders: /* {"app": "dbt", "dbt_version": "1.11.11", "profile_name": "dbt_monitor", "target_name": "dev", "node_id": "model.dbt_monitor.stg_orders"} */
alter view "dev"."main"."stg_orders__dbt_tmp" rename to "stg_orders"
[0m23:18:40.178696 [debug] [Thread-1 (]: SQL status: OK in 0.000 seconds
[0m23:18:40.182864 [debug] [Thread-1 (]: On model.dbt_monitor.stg_orders: COMMIT
[0m23:18:40.182971 [debug] [Thread-1 (]: Using duckdb connection "model.dbt_monitor.stg_orders"
[0m23:18:40.183067 [debug] [Thread-1 (]: On model.dbt_monitor.stg_orders: COMMIT
[0m23:18:40.183434 [debug] [Thread-1 (]: SQL status: OK in 0.000 seconds
[0m23:18:40.185090 [debug] [Thread-1 (]: Using duckdb connection "model.dbt_monitor.stg_orders"
[0m23:18:40.185244 [debug] [Thread-1 (]: On model.dbt_monitor.stg_orders: /* {"app": "dbt", "dbt_version": "1.11.11", "profile_name": "dbt_monitor", "target_name": "dev", "node_id": "model.dbt_monitor.stg_orders"} */

      drop view if exists "dev"."main"."stg_orders__dbt_backup" cascade
    
[0m23:18:40.185459 [debug] [Thread-1 (]: SQL status: OK in 0.000 seconds
[0m23:18:40.186197 [debug] [Thread-1 (]: On model.dbt_monitor.stg_orders: Close
[0m23:18:40.186855 [debug] [Thread-1 (]: Sending event: {'category': 'dbt', 'action': 'run_model', 'label': '3b714357-4734-49fa-a24d-190d9eff284b', 'context': [<snowplow_tracker.self_describing_json.SelfDescribingJson object at 0x106ca7710>]}
[0m23:18:40.187057 [info ] [Thread-1 (]: 1 of 1 OK created sql view model main.stg_orders ............................... [[32mOK[0m in 0.03s]
[0m23:18:40.187232 [debug] [Thread-1 (]: Finished running node model.dbt_monitor.stg_orders
[0m23:18:40.187697 [debug] [MainThread]: Using duckdb connection "master"
[0m23:18:40.187799 [debug] [MainThread]: On master: BEGIN
[0m23:18:40.187882 [debug] [MainThread]: Opening a new connection, currently in state closed
[0m23:18:40.188048 [debug] [MainThread]: SQL status: OK in 0.000 seconds
[0m23:18:40.188133 [debug] [MainThread]: On master: COMMIT
[0m23:18:40.188213 [debug] [MainThread]: Using duckdb connection "master"
[0m23:18:40.188296 [debug] [MainThread]: On master: COMMIT
[0m23:18:40.188430 [debug] [MainThread]: SQL status: OK in 0.000 seconds
[0m23:18:40.188512 [debug] [MainThread]: On master: Close
[0m23:18:40.188631 [debug] [MainThread]: Connection 'master' was properly closed.
[0m23:18:40.188712 [debug] [MainThread]: Connection 'model.dbt_monitor.stg_orders' was properly closed.
[0m23:18:40.188805 [info ] [MainThread]: 
[0m23:18:40.188903 [info ] [MainThread]: Finished running 1 view model in 0 hours 0 minutes and 0.08 seconds (0.08s).
[0m23:18:40.189127 [debug] [MainThread]: Command end result
[0m23:18:40.220822 [debug] [MainThread]: Wrote artifact WritableManifest to /Users/rajatrampal/dbt-monitor/dbt_project/target/manifest.json
[0m23:18:40.221512 [debug] [MainThread]: Wrote artifact SemanticManifest to /Users/rajatrampal/dbt-monitor/dbt_project/target/semantic_manifest.json
[0m23:18:40.223475 [debug] [MainThread]: Wrote artifact RunExecutionResult to /Users/rajatrampal/dbt-monitor/dbt_project/target/run_results.json
[0m23:18:40.223594 [info ] [MainThread]: 
[0m23:18:40.223725 [info ] [MainThread]: [32mCompleted successfully[0m
[0m23:18:40.223815 [info ] [MainThread]: 
[0m23:18:40.223919 [info ] [MainThread]: Done. PASS=1 WARN=0 ERROR=0 SKIP=0 NO-OP=0 TOTAL=1
[0m23:18:40.224132 [debug] [MainThread]: Resource report: {"command_name": "run", "command_success": true, "command_wall_clock_time": 0.4688238, "process_in_blocks": "0", "process_kernel_time": 0.140973, "process_mem_max_rss": "146472960", "process_out_blocks": "0", "process_user_time": 0.722265}
[0m23:18:40.224268 [debug] [MainThread]: Command `dbt run` succeeded at 23:18:40.224243 after 0.47 seconds
[0m23:18:40.224381 [debug] [MainThread]: Sending event: {'category': 'dbt', 'action': 'invocation', 'label': 'end', 'context': [<snowplow_tracker.self_describing_json.SelfDescribingJson object at 0x10aaf3ef0>, <snowplow_tracker.self_describing_json.SelfDescribingJson object at 0x10863d4c0>, <snowplow_tracker.self_describing_json.SelfDescribingJson object at 0x108670470>]}
[0m23:18:40.224487 [debug] [MainThread]: Flushing usage events
[0m23:18:40.877416 [debug] [MainThread]: An error was encountered while trying to flush usage events
[0m17:32:31.238112 [debug] [MainThread]: Sending event: {'category': 'dbt', 'action': 'invocation', 'label': 'start', 'context': [<snowplow_tracker.self_describing_json.SelfDescribingJson object at 0x1064fcce0>, <snowplow_tracker.self_describing_json.SelfDescribingJson object at 0x107508500>, <snowplow_tracker.self_describing_json.SelfDescribingJson object at 0x107508230>]}


============================== 17:32:31.240562 | c6a9b1dc-3f11-486e-8492-fe9916b27a10 ==============================
[0m17:32:31.240562 [info ] [MainThread]: Running with dbt=1.11.11
[0m17:32:31.240814 [debug] [MainThread]: running dbt with arguments {'partial_parse': 'True', 'static_parser': 'True', 'send_anonymous_usage_stats': 'True', 'quiet': 'False', 'use_experimental_parser': 'False', 'no_print': 'None', 'warn_error_options': 'WarnErrorOptionsV2(error=[], warn=[], silence=[])', 'log_format': 'default', 'introspect': 'True', 'warn_error': 'None', 'invocation_command': 'dbt run --profiles-dir .', 'cache_selected_only': 'False', 'profiles_dir': '.', 'log_path': '/Users/rajatrampal/dbt-monitor/dbt_project/logs', 'use_colors': 'True', 'debug': 'False', 'indirect_selection': 'eager', 'fail_fast': 'False', 'write_json': 'True', 'log_cache_events': 'False', 'target_path': 'None', 'printer_width': '80', 'empty': 'False', 'version_check': 'True'}
[0m17:32:31.323378 [debug] [MainThread]: Sending event: {'category': 'dbt', 'action': 'project_id', 'label': 'c6a9b1dc-3f11-486e-8492-fe9916b27a10', 'context': [<snowplow_tracker.self_describing_json.SelfDescribingJson object at 0x104e08470>]}
[0m17:32:31.344033 [debug] [MainThread]: Sending event: {'category': 'dbt', 'action': 'adapter_info', 'label': 'c6a9b1dc-3f11-486e-8492-fe9916b27a10', 'context': [<snowplow_tracker.self_describing_json.SelfDescribingJson object at 0x1067c4ce0>]}
[0m17:32:31.345152 [info ] [MainThread]: Registered adapter: duckdb=1.10.1
[0m17:32:31.400608 [debug] [MainThread]: checksum: 30a8cc8fdcbf66701b0944d4ccce3fa46dd04b61e5df68b9f16d57b2e0e3f0be, vars: {}, profile: , target: , version: 1.11.11
[0m17:32:31.436880 [debug] [MainThread]: Partial parsing enabled: 0 files deleted, 0 files added, 0 files changed.
[0m17:32:31.437067 [debug] [MainThread]: Nothing changed, skipping partial parsing.
[0m17:32:31.437161 [debug] [MainThread]: Partial parsing enabled, no changes found, skipping parsing
[0m17:32:31.445930 [debug] [MainThread]: Sending event: {'category': 'dbt', 'action': 'load_project', 'label': 'c6a9b1dc-3f11-486e-8492-fe9916b27a10', 'context': [<snowplow_tracker.self_describing_json.SelfDescribingJson object at 0x1077c64b0>]}
[0m17:32:31.467709 [debug] [MainThread]: Wrote artifact WritableManifest to /Users/rajatrampal/dbt-monitor/dbt_project/target/manifest.json
[0m17:32:31.468493 [debug] [MainThread]: Wrote artifact SemanticManifest to /Users/rajatrampal/dbt-monitor/dbt_project/target/semantic_manifest.json
[0m17:32:31.472870 [debug] [MainThread]: Sending event: {'category': 'dbt', 'action': 'resource_counts', 'label': 'c6a9b1dc-3f11-486e-8492-fe9916b27a10', 'context': [<snowplow_tracker.self_describing_json.SelfDescribingJson object at 0x107ae0320>]}
[0m17:32:31.473024 [info ] [MainThread]: Found 1 model, 485 macros
[0m17:32:31.473136 [debug] [MainThread]: Sending event: {'category': 'dbt', 'action': 'runnable_timing', 'label': 'c6a9b1dc-3f11-486e-8492-fe9916b27a10', 'context': [<snowplow_tracker.self_describing_json.SelfDescribingJson object at 0x107b11520>]}
[0m17:32:31.473667 [info ] [MainThread]: 
[0m17:32:31.473776 [info ] [MainThread]: Concurrency: 1 threads (target='dev')
[0m17:32:31.473860 [info ] [MainThread]: 
[0m17:32:31.474018 [debug] [MainThread]: Acquiring new duckdb connection 'master'
[0m17:32:31.474380 [debug] [ThreadPool]: Acquiring new duckdb connection 'list_dev'
[0m17:32:31.497750 [debug] [ThreadPool]: Using duckdb connection "list_dev"
[0m17:32:31.497892 [debug] [ThreadPool]: On list_dev: /* {"app": "dbt", "dbt_version": "1.11.11", "profile_name": "dbt_monitor", "target_name": "dev", "connection_name": "list_dev"} */

    
    select schema_name
    from system.information_schema.schemata
    
    where lower(catalog_name) = '"dev"'
    
  
  
[0m17:32:31.497982 [debug] [ThreadPool]: Opening a new connection, currently in state init
[0m17:32:31.505941 [debug] [ThreadPool]: SQL status: OK in 0.008 seconds
[0m17:32:31.506382 [debug] [ThreadPool]: On list_dev: Close
[0m17:32:31.506604 [debug] [ThreadPool]: Re-using an available connection from the pool (formerly list_dev, now create_dev_main)
[0m17:32:31.506736 [debug] [ThreadPool]: Creating schema "database: "dev"
schema: "main"
"
[0m17:32:31.509014 [debug] [ThreadPool]: Using duckdb connection "create_dev_main"
[0m17:32:31.509113 [debug] [ThreadPool]: On create_dev_main: /* {"app": "dbt", "dbt_version": "1.11.11", "profile_name": "dbt_monitor", "target_name": "dev", "connection_name": "create_dev_main"} */

    
        select type from duckdb_databases()
        where lower(database_name)='dev'
        and type='sqlite'
    
  
[0m17:32:31.509197 [debug] [ThreadPool]: Opening a new connection, currently in state closed
[0m17:32:31.509511 [debug] [ThreadPool]: SQL status: OK in 0.000 seconds
[0m17:32:31.510057 [debug] [ThreadPool]: Using duckdb connection "create_dev_main"
[0m17:32:31.510135 [debug] [ThreadPool]: On create_dev_main: BEGIN
[0m17:32:31.510280 [debug] [ThreadPool]: SQL status: OK in 0.000 seconds
[0m17:32:31.510361 [debug] [ThreadPool]: Using duckdb connection "create_dev_main"
[0m17:32:31.510440 [debug] [ThreadPool]: On create_dev_main: /* {"app": "dbt", "dbt_version": "1.11.11", "profile_name": "dbt_monitor", "target_name": "dev", "connection_name": "create_dev_main"} */

    
    
        create schema if not exists "dev"."main"
    
[0m17:32:31.510596 [debug] [ThreadPool]: SQL status: OK in 0.000 seconds
[0m17:32:31.510840 [debug] [ThreadPool]: On create_dev_main: COMMIT
[0m17:32:31.510940 [debug] [ThreadPool]: Using duckdb connection "create_dev_main"
[0m17:32:31.511017 [debug] [ThreadPool]: On create_dev_main: COMMIT
[0m17:32:31.511173 [debug] [ThreadPool]: SQL status: OK in 0.000 seconds
[0m17:32:31.511305 [debug] [ThreadPool]: On create_dev_main: Close
[0m17:32:31.511641 [debug] [ThreadPool]: Re-using an available connection from the pool (formerly create_dev_main, now list_dev_main)
[0m17:32:31.513468 [debug] [ThreadPool]: Using duckdb connection "list_dev_main"
[0m17:32:31.513570 [debug] [ThreadPool]: On list_dev_main: BEGIN
[0m17:32:31.513649 [debug] [ThreadPool]: Opening a new connection, currently in state closed
[0m17:32:31.513809 [debug] [ThreadPool]: SQL status: OK in 0.000 seconds
[0m17:32:31.513892 [debug] [ThreadPool]: Using duckdb connection "list_dev_main"
[0m17:32:31.513974 [debug] [ThreadPool]: On list_dev_main: /* {"app": "dbt", "dbt_version": "1.11.11", "profile_name": "dbt_monitor", "target_name": "dev", "connection_name": "list_dev_main"} */
select
      'dev' as database,
      table_name as name,
      table_schema as schema,
      CASE table_type
        WHEN 'BASE TABLE' THEN 'table'
        WHEN 'VIEW' THEN 'view'
        WHEN 'LOCAL TEMPORARY' THEN 'table'
        END as type
    from system.information_schema.tables
    where lower(table_schema) = 'main'
    and lower(table_catalog) = 'dev'
  
[0m17:32:31.515456 [debug] [ThreadPool]: SQL status: OK in 0.001 seconds
[0m17:32:31.515885 [debug] [ThreadPool]: On list_dev_main: ROLLBACK
[0m17:32:31.516534 [debug] [ThreadPool]: Failed to rollback 'list_dev_main'
[0m17:32:31.516621 [debug] [ThreadPool]: On list_dev_main: Close
[0m17:32:31.516881 [debug] [MainThread]: Sending event: {'category': 'dbt', 'action': 'runnable_timing', 'label': 'c6a9b1dc-3f11-486e-8492-fe9916b27a10', 'context': [<snowplow_tracker.self_describing_json.SelfDescribingJson object at 0x1075aa060>]}
[0m17:32:31.517038 [debug] [MainThread]: Using duckdb connection "master"
[0m17:32:31.517128 [debug] [MainThread]: On master: BEGIN
[0m17:32:31.517209 [debug] [MainThread]: Opening a new connection, currently in state init
[0m17:32:31.517360 [debug] [MainThread]: SQL status: OK in 0.000 seconds
[0m17:32:31.517444 [debug] [MainThread]: On master: COMMIT
[0m17:32:31.517526 [debug] [MainThread]: Using duckdb connection "master"
[0m17:32:31.517604 [debug] [MainThread]: On master: COMMIT
[0m17:32:31.517746 [debug] [MainThread]: SQL status: OK in 0.000 seconds
[0m17:32:31.517840 [debug] [MainThread]: On master: Close
[0m17:32:31.518915 [debug] [Thread-1 (]: Began running node model.dbt_monitor.stg_orders
[0m17:32:31.519078 [info ] [Thread-1 (]: 1 of 1 START sql view model main.stg_orders .................................... [RUN]
[0m17:32:31.519209 [debug] [Thread-1 (]: Re-using an available connection from the pool (formerly list_dev_main, now model.dbt_monitor.stg_orders)
[0m17:32:31.519300 [debug] [Thread-1 (]: Began compiling node model.dbt_monitor.stg_orders
[0m17:32:31.521410 [debug] [Thread-1 (]: Writing injected SQL for node "model.dbt_monitor.stg_orders"
[0m17:32:31.521644 [debug] [Thread-1 (]: Began executing node model.dbt_monitor.stg_orders
[0m17:32:31.532639 [debug] [Thread-1 (]: Writing runtime sql for node "model.dbt_monitor.stg_orders"
[0m17:32:31.532879 [debug] [Thread-1 (]: Using duckdb connection "model.dbt_monitor.stg_orders"
[0m17:32:31.532987 [debug] [Thread-1 (]: On model.dbt_monitor.stg_orders: BEGIN
[0m17:32:31.533082 [debug] [Thread-1 (]: Opening a new connection, currently in state closed
[0m17:32:31.533270 [debug] [Thread-1 (]: SQL status: OK in 0.000 seconds
[0m17:32:31.533366 [debug] [Thread-1 (]: Using duckdb connection "model.dbt_monitor.stg_orders"
[0m17:32:31.533462 [debug] [Thread-1 (]: On model.dbt_monitor.stg_orders: /* {"app": "dbt", "dbt_version": "1.11.11", "profile_name": "dbt_monitor", "target_name": "dev", "node_id": "model.dbt_monitor.stg_orders"} */

  
  create view "dev"."main"."stg_orders__dbt_tmp" as (
    SELECT 
    1 AS order_id,
    'pending' AS status,
    100.00 AS amount
  );

[0m17:32:31.534325 [debug] [Thread-1 (]: SQL status: OK in 0.001 seconds
[0m17:32:31.536801 [debug] [Thread-1 (]: Using duckdb connection "model.dbt_monitor.stg_orders"
[0m17:32:31.536912 [debug] [Thread-1 (]: On model.dbt_monitor.stg_orders: /* {"app": "dbt", "dbt_version": "1.11.11", "profile_name": "dbt_monitor", "target_name": "dev", "node_id": "model.dbt_monitor.stg_orders"} */
alter view "dev"."main"."stg_orders" rename to "stg_orders__dbt_backup"
[0m17:32:31.537428 [debug] [Thread-1 (]: SQL status: OK in 0.000 seconds
[0m17:32:31.538401 [debug] [Thread-1 (]: Using duckdb connection "model.dbt_monitor.stg_orders"
[0m17:32:31.538507 [debug] [Thread-1 (]: On model.dbt_monitor.stg_orders: /* {"app": "dbt", "dbt_version": "1.11.11", "profile_name": "dbt_monitor", "target_name": "dev", "node_id": "model.dbt_monitor.stg_orders"} */
alter view "dev"."main"."stg_orders__dbt_tmp" rename to "stg_orders"
[0m17:32:31.538703 [debug] [Thread-1 (]: SQL status: OK in 0.000 seconds
[0m17:32:31.543176 [debug] [Thread-1 (]: On model.dbt_monitor.stg_orders: COMMIT
[0m17:32:31.543305 [debug] [Thread-1 (]: Using duckdb connection "model.dbt_monitor.stg_orders"
[0m17:32:31.543405 [debug] [Thread-1 (]: On model.dbt_monitor.stg_orders: COMMIT
[0m17:32:31.543767 [debug] [Thread-1 (]: SQL status: OK in 0.000 seconds
[0m17:32:31.545481 [debug] [Thread-1 (]: Using duckdb connection "model.dbt_monitor.stg_orders"
[0m17:32:31.545645 [debug] [Thread-1 (]: On model.dbt_monitor.stg_orders: /* {"app": "dbt", "dbt_version": "1.11.11", "profile_name": "dbt_monitor", "target_name": "dev", "node_id": "model.dbt_monitor.stg_orders"} */

      drop view if exists "dev"."main"."stg_orders__dbt_backup" cascade
    
[0m17:32:31.545865 [debug] [Thread-1 (]: SQL status: OK in 0.000 seconds
[0m17:32:31.546614 [debug] [Thread-1 (]: On model.dbt_monitor.stg_orders: Close
[0m17:32:31.547325 [debug] [Thread-1 (]: Sending event: {'category': 'dbt', 'action': 'run_model', 'label': 'c6a9b1dc-3f11-486e-8492-fe9916b27a10', 'context': [<snowplow_tracker.self_describing_json.SelfDescribingJson object at 0x107ea67b0>]}
[0m17:32:31.547520 [info ] [Thread-1 (]: 1 of 1 OK created sql view model main.stg_orders ............................... [[32mOK[0m in 0.03s]
[0m17:32:31.547698 [debug] [Thread-1 (]: Finished running node model.dbt_monitor.stg_orders
[0m17:32:31.548081 [debug] [MainThread]: Using duckdb connection "master"
[0m17:32:31.548178 [debug] [MainThread]: On master: BEGIN
[0m17:32:31.548259 [debug] [MainThread]: Opening a new connection, currently in state closed
[0m17:32:31.548417 [debug] [MainThread]: SQL status: OK in 0.000 seconds
[0m17:32:31.548500 [debug] [MainThread]: On master: COMMIT
[0m17:32:31.548580 [debug] [MainThread]: Using duckdb connection "master"
[0m17:32:31.548659 [debug] [MainThread]: On master: COMMIT
[0m17:32:31.548797 [debug] [MainThread]: SQL status: OK in 0.000 seconds
[0m17:32:31.548895 [debug] [MainThread]: On master: Close
[0m17:32:31.549013 [debug] [MainThread]: Connection 'master' was properly closed.
[0m17:32:31.549097 [debug] [MainThread]: Connection 'model.dbt_monitor.stg_orders' was properly closed.
[0m17:32:31.549179 [info ] [MainThread]: 
[0m17:32:31.549268 [info ] [MainThread]: Finished running 1 view model in 0 hours 0 minutes and 0.08 seconds (0.08s).
[0m17:32:31.549451 [debug] [MainThread]: Command end result
[0m17:32:31.581158 [debug] [MainThread]: Wrote artifact WritableManifest to /Users/rajatrampal/dbt-monitor/dbt_project/target/manifest.json
[0m17:32:31.581881 [debug] [MainThread]: Wrote artifact SemanticManifest to /Users/rajatrampal/dbt-monitor/dbt_project/target/semantic_manifest.json
[0m17:32:31.583879 [debug] [MainThread]: Wrote artifact RunExecutionResult to /Users/rajatrampal/dbt-monitor/dbt_project/target/run_results.json
[0m17:32:31.583986 [info ] [MainThread]: 
[0m17:32:31.584109 [info ] [MainThread]: [32mCompleted successfully[0m
[0m17:32:31.584202 [info ] [MainThread]: 
[0m17:32:31.584303 [info ] [MainThread]: Done. PASS=1 WARN=0 ERROR=0 SKIP=0 NO-OP=0 TOTAL=1
[0m17:32:31.584530 [debug] [MainThread]: Resource report: {"command_name": "run", "command_success": true, "command_wall_clock_time": 0.3798527, "process_in_blocks": "0", "process_kernel_time": 0.133919, "process_mem_max_rss": "145981440", "process_out_blocks": "0", "process_user_time": 0.717916}
[0m17:32:31.584664 [debug] [MainThread]: Command `dbt run` succeeded at 17:32:31.584638 after 0.38 seconds
[0m17:32:31.584783 [debug] [MainThread]: Sending event: {'category': 'dbt', 'action': 'invocation', 'label': 'end', 'context': [<snowplow_tracker.self_describing_json.SelfDescribingJson object at 0x107358fb0>, <snowplow_tracker.self_describing_json.SelfDescribingJson object at 0x104c15b50>, <snowplow_tracker.self_describing_json.SelfDescribingJson object at 0x104ed64b0>]}
[0m17:32:31.584898 [debug] [MainThread]: Flushing usage events
[0m17:32:31.904901 [debug] [MainThread]: An error was encountered while trying to flush usage events
[0m17:32:54.993436 [debug] [MainThread]: Sending event: {'category': 'dbt', 'action': 'invocation', 'label': 'start', 'context': [<snowplow_tracker.self_describing_json.SelfDescribingJson object at 0x104aff4a0>, <snowplow_tracker.self_describing_json.SelfDescribingJson object at 0x104e7fef0>, <snowplow_tracker.self_describing_json.SelfDescribingJson object at 0x104f40320>]}


============================== 17:32:54.995605 | 6151fe36-29d0-4943-b841-74023b33571e ==============================
[0m17:32:54.995605 [info ] [MainThread]: Running with dbt=1.11.11
[0m17:32:54.995807 [debug] [MainThread]: running dbt with arguments {'warn_error': 'None', 'log_path': '/Users/rajatrampal/dbt-monitor/dbt_project/logs', 'use_colors': 'True', 'quiet': 'False', 'introspect': 'True', 'send_anonymous_usage_stats': 'True', 'debug': 'False', 'no_print': 'None', 'profiles_dir': '.', 'cache_selected_only': 'False', 'indirect_selection': 'eager', 'printer_width': '80', 'write_json': 'True', 'use_experimental_parser': 'False', 'log_format': 'default', 'log_cache_events': 'False', 'partial_parse': 'True', 'version_check': 'True', 'warn_error_options': 'WarnErrorOptionsV2(error=[], warn=[], silence=[])', 'empty': 'False', 'static_parser': 'True', 'target_path': 'None', 'invocation_command': 'dbt run --profiles-dir .', 'fail_fast': 'False'}
[0m17:32:55.070869 [debug] [MainThread]: Sending event: {'category': 'dbt', 'action': 'project_id', 'label': '6151fe36-29d0-4943-b841-74023b33571e', 'context': [<snowplow_tracker.self_describing_json.SelfDescribingJson object at 0x104847ad0>]}
[0m17:32:55.090544 [debug] [MainThread]: Sending event: {'category': 'dbt', 'action': 'adapter_info', 'label': '6151fe36-29d0-4943-b841-74023b33571e', 'context': [<snowplow_tracker.self_describing_json.SelfDescribingJson object at 0x104ec0980>]}
[0m17:32:55.091545 [info ] [MainThread]: Registered adapter: duckdb=1.10.1
[0m17:32:55.132895 [debug] [MainThread]: checksum: 30a8cc8fdcbf66701b0944d4ccce3fa46dd04b61e5df68b9f16d57b2e0e3f0be, vars: {}, profile: , target: , version: 1.11.11
[0m17:32:55.168054 [debug] [MainThread]: Partial parsing enabled: 0 files deleted, 0 files added, 0 files changed.
[0m17:32:55.168210 [debug] [MainThread]: Nothing changed, skipping partial parsing.
[0m17:32:55.168304 [debug] [MainThread]: Partial parsing enabled, no changes found, skipping parsing
[0m17:32:55.177214 [debug] [MainThread]: Sending event: {'category': 'dbt', 'action': 'load_project', 'label': '6151fe36-29d0-4943-b841-74023b33571e', 'context': [<snowplow_tracker.self_describing_json.SelfDescribingJson object at 0x105312270>]}
[0m17:32:55.198959 [debug] [MainThread]: Wrote artifact WritableManifest to /Users/rajatrampal/dbt-monitor/dbt_project/target/manifest.json
[0m17:32:55.199782 [debug] [MainThread]: Wrote artifact SemanticManifest to /Users/rajatrampal/dbt-monitor/dbt_project/target/semantic_manifest.json
[0m17:32:55.204148 [debug] [MainThread]: Sending event: {'category': 'dbt', 'action': 'resource_counts', 'label': '6151fe36-29d0-4943-b841-74023b33571e', 'context': [<snowplow_tracker.self_describing_json.SelfDescribingJson object at 0x105518260>]}
[0m17:32:55.204303 [info ] [MainThread]: Found 1 model, 485 macros
[0m17:32:55.204411 [debug] [MainThread]: Sending event: {'category': 'dbt', 'action': 'runnable_timing', 'label': '6151fe36-29d0-4943-b841-74023b33571e', 'context': [<snowplow_tracker.self_describing_json.SelfDescribingJson object at 0x103006390>]}
[0m17:32:55.204950 [info ] [MainThread]: 
[0m17:32:55.205064 [info ] [MainThread]: Concurrency: 1 threads (target='dev')
[0m17:32:55.205151 [info ] [MainThread]: 
[0m17:32:55.205320 [debug] [MainThread]: Acquiring new duckdb connection 'master'
[0m17:32:55.205678 [debug] [ThreadPool]: Acquiring new duckdb connection 'list_dev'
[0m17:32:55.227724 [debug] [ThreadPool]: Using duckdb connection "list_dev"
[0m17:32:55.227867 [debug] [ThreadPool]: On list_dev: /* {"app": "dbt", "dbt_version": "1.11.11", "profile_name": "dbt_monitor", "target_name": "dev", "connection_name": "list_dev"} */

    
    select schema_name
    from system.information_schema.schemata
    
    where lower(catalog_name) = '"dev"'
    
  
  
[0m17:32:55.227965 [debug] [ThreadPool]: Opening a new connection, currently in state init
[0m17:32:55.234017 [debug] [ThreadPool]: SQL status: OK in 0.006 seconds
[0m17:32:55.234508 [debug] [ThreadPool]: On list_dev: Close
[0m17:32:55.234743 [debug] [ThreadPool]: Re-using an available connection from the pool (formerly list_dev, now create_dev_main)
[0m17:32:55.234888 [debug] [ThreadPool]: Creating schema "database: "dev"
schema: "main"
"
[0m17:32:55.237263 [debug] [ThreadPool]: Using duckdb connection "create_dev_main"
[0m17:32:55.237371 [debug] [ThreadPool]: On create_dev_main: /* {"app": "dbt", "dbt_version": "1.11.11", "profile_name": "dbt_monitor", "target_name": "dev", "connection_name": "create_dev_main"} */

    
        select type from duckdb_databases()
        where lower(database_name)='dev'
        and type='sqlite'
    
  
[0m17:32:55.237456 [debug] [ThreadPool]: Opening a new connection, currently in state closed
[0m17:32:55.237747 [debug] [ThreadPool]: SQL status: OK in 0.000 seconds
[0m17:32:55.238155 [debug] [ThreadPool]: Using duckdb connection "create_dev_main"
[0m17:32:55.238241 [debug] [ThreadPool]: On create_dev_main: BEGIN
[0m17:32:55.238383 [debug] [ThreadPool]: SQL status: OK in 0.000 seconds
[0m17:32:55.238462 [debug] [ThreadPool]: Using duckdb connection "create_dev_main"
[0m17:32:55.238539 [debug] [ThreadPool]: On create_dev_main: /* {"app": "dbt", "dbt_version": "1.11.11", "profile_name": "dbt_monitor", "target_name": "dev", "connection_name": "create_dev_main"} */

    
    
        create schema if not exists "dev"."main"
    
[0m17:32:55.238700 [debug] [ThreadPool]: SQL status: OK in 0.000 seconds
[0m17:32:55.238944 [debug] [ThreadPool]: On create_dev_main: COMMIT
[0m17:32:55.239038 [debug] [ThreadPool]: Using duckdb connection "create_dev_main"
[0m17:32:55.239114 [debug] [ThreadPool]: On create_dev_main: COMMIT
[0m17:32:55.239246 [debug] [ThreadPool]: SQL status: OK in 0.000 seconds
[0m17:32:55.239337 [debug] [ThreadPool]: On create_dev_main: Close
[0m17:32:55.239646 [debug] [ThreadPool]: Re-using an available connection from the pool (formerly create_dev_main, now list_dev_main)
[0m17:32:55.241443 [debug] [ThreadPool]: Using duckdb connection "list_dev_main"
[0m17:32:55.241533 [debug] [ThreadPool]: On list_dev_main: BEGIN
[0m17:32:55.241607 [debug] [ThreadPool]: Opening a new connection, currently in state closed
[0m17:32:55.241750 [debug] [ThreadPool]: SQL status: OK in 0.000 seconds
[0m17:32:55.241827 [debug] [ThreadPool]: Using duckdb connection "list_dev_main"
[0m17:32:55.241908 [debug] [ThreadPool]: On list_dev_main: /* {"app": "dbt", "dbt_version": "1.11.11", "profile_name": "dbt_monitor", "target_name": "dev", "connection_name": "list_dev_main"} */
select
      'dev' as database,
      table_name as name,
      table_schema as schema,
      CASE table_type
        WHEN 'BASE TABLE' THEN 'table'
        WHEN 'VIEW' THEN 'view'
        WHEN 'LOCAL TEMPORARY' THEN 'table'
        END as type
    from system.information_schema.tables
    where lower(table_schema) = 'main'
    and lower(table_catalog) = 'dev'
  
[0m17:32:55.243231 [debug] [ThreadPool]: SQL status: OK in 0.001 seconds
[0m17:32:55.243737 [debug] [ThreadPool]: On list_dev_main: ROLLBACK
[0m17:32:55.244413 [debug] [ThreadPool]: Failed to rollback 'list_dev_main'
[0m17:32:55.244506 [debug] [ThreadPool]: On list_dev_main: Close
[0m17:32:55.244728 [debug] [MainThread]: Sending event: {'category': 'dbt', 'action': 'runnable_timing', 'label': '6151fe36-29d0-4943-b841-74023b33571e', 'context': [<snowplow_tracker.self_describing_json.SelfDescribingJson object at 0x103006390>]}
[0m17:32:55.244868 [debug] [MainThread]: Using duckdb connection "master"
[0m17:32:55.244944 [debug] [MainThread]: On master: BEGIN
[0m17:32:55.245019 [debug] [MainThread]: Opening a new connection, currently in state init
[0m17:32:55.245176 [debug] [MainThread]: SQL status: OK in 0.000 seconds
[0m17:32:55.245260 [debug] [MainThread]: On master: COMMIT
[0m17:32:55.245342 [debug] [MainThread]: Using duckdb connection "master"
[0m17:32:55.245419 [debug] [MainThread]: On master: COMMIT
[0m17:32:55.245552 [debug] [MainThread]: SQL status: OK in 0.000 seconds
[0m17:32:55.245631 [debug] [MainThread]: On master: Close
[0m17:32:55.246585 [debug] [Thread-1 (]: Began running node model.dbt_monitor.stg_orders
[0m17:32:55.246735 [info ] [Thread-1 (]: 1 of 1 START sql view model main.stg_orders .................................... [RUN]
[0m17:32:55.246867 [debug] [Thread-1 (]: Re-using an available connection from the pool (formerly list_dev_main, now model.dbt_monitor.stg_orders)
[0m17:32:55.246964 [debug] [Thread-1 (]: Began compiling node model.dbt_monitor.stg_orders
[0m17:32:55.249169 [debug] [Thread-1 (]: Writing injected SQL for node "model.dbt_monitor.stg_orders"
[0m17:32:55.249404 [debug] [Thread-1 (]: Began executing node model.dbt_monitor.stg_orders
[0m17:32:55.260657 [debug] [Thread-1 (]: Writing runtime sql for node "model.dbt_monitor.stg_orders"
[0m17:32:55.260943 [debug] [Thread-1 (]: Using duckdb connection "model.dbt_monitor.stg_orders"
[0m17:32:55.261057 [debug] [Thread-1 (]: On model.dbt_monitor.stg_orders: BEGIN
[0m17:32:55.261157 [debug] [Thread-1 (]: Opening a new connection, currently in state closed
[0m17:32:55.261388 [debug] [Thread-1 (]: SQL status: OK in 0.000 seconds
[0m17:32:55.261484 [debug] [Thread-1 (]: Using duckdb connection "model.dbt_monitor.stg_orders"
[0m17:32:55.261585 [debug] [Thread-1 (]: On model.dbt_monitor.stg_orders: /* {"app": "dbt", "dbt_version": "1.11.11", "profile_name": "dbt_monitor", "target_name": "dev", "node_id": "model.dbt_monitor.stg_orders"} */

  
  create view "dev"."main"."stg_orders__dbt_tmp" as (
    SELECT 
    1 AS order_id,
    'pending' AS status,
    100.00 AS amount
  );

[0m17:32:55.261863 [debug] [Thread-1 (]: SQL status: OK in 0.000 seconds
[0m17:32:55.264664 [debug] [Thread-1 (]: Using duckdb connection "model.dbt_monitor.stg_orders"
[0m17:32:55.264792 [debug] [Thread-1 (]: On model.dbt_monitor.stg_orders: /* {"app": "dbt", "dbt_version": "1.11.11", "profile_name": "dbt_monitor", "target_name": "dev", "node_id": "model.dbt_monitor.stg_orders"} */
alter view "dev"."main"."stg_orders" rename to "stg_orders__dbt_backup"
[0m17:32:55.265062 [debug] [Thread-1 (]: SQL status: OK in 0.000 seconds
[0m17:32:55.266008 [debug] [Thread-1 (]: Using duckdb connection "model.dbt_monitor.stg_orders"
[0m17:32:55.266119 [debug] [Thread-1 (]: On model.dbt_monitor.stg_orders: /* {"app": "dbt", "dbt_version": "1.11.11", "profile_name": "dbt_monitor", "target_name": "dev", "node_id": "model.dbt_monitor.stg_orders"} */
alter view "dev"."main"."stg_orders__dbt_tmp" rename to "stg_orders"
[0m17:32:55.266303 [debug] [Thread-1 (]: SQL status: OK in 0.000 seconds
[0m17:32:55.270918 [debug] [Thread-1 (]: On model.dbt_monitor.stg_orders: COMMIT
[0m17:32:55.271044 [debug] [Thread-1 (]: Using duckdb connection "model.dbt_monitor.stg_orders"
[0m17:32:55.271146 [debug] [Thread-1 (]: On model.dbt_monitor.stg_orders: COMMIT
[0m17:32:55.271495 [debug] [Thread-1 (]: SQL status: OK in 0.000 seconds
[0m17:32:55.273264 [debug] [Thread-1 (]: Using duckdb connection "model.dbt_monitor.stg_orders"
[0m17:32:55.273426 [debug] [Thread-1 (]: On model.dbt_monitor.stg_orders: /* {"app": "dbt", "dbt_version": "1.11.11", "profile_name": "dbt_monitor", "target_name": "dev", "node_id": "model.dbt_monitor.stg_orders"} */

      drop view if exists "dev"."main"."stg_orders__dbt_backup" cascade
    
[0m17:32:55.273653 [debug] [Thread-1 (]: SQL status: OK in 0.000 seconds
[0m17:32:55.274458 [debug] [Thread-1 (]: On model.dbt_monitor.stg_orders: Close
[0m17:32:55.275226 [debug] [Thread-1 (]: Sending event: {'category': 'dbt', 'action': 'run_model', 'label': '6151fe36-29d0-4943-b841-74023b33571e', 'context': [<snowplow_tracker.self_describing_json.SelfDescribingJson object at 0x105906d80>]}
[0m17:32:55.275452 [info ] [Thread-1 (]: 1 of 1 OK created sql view model main.stg_orders ............................... [[32mOK[0m in 0.03s]
[0m17:32:55.275633 [debug] [Thread-1 (]: Finished running node model.dbt_monitor.stg_orders
[0m17:32:55.276073 [debug] [MainThread]: Using duckdb connection "master"
[0m17:32:55.276217 [debug] [MainThread]: On master: BEGIN
[0m17:32:55.276315 [debug] [MainThread]: Opening a new connection, currently in state closed
[0m17:32:55.276524 [debug] [MainThread]: SQL status: OK in 0.000 seconds
[0m17:32:55.276620 [debug] [MainThread]: On master: COMMIT
[0m17:32:55.276706 [debug] [MainThread]: Using duckdb connection "master"
[0m17:32:55.276787 [debug] [MainThread]: On master: COMMIT
[0m17:32:55.276921 [debug] [MainThread]: SQL status: OK in 0.000 seconds
[0m17:32:55.277003 [debug] [MainThread]: On master: Close
[0m17:32:55.277117 [debug] [MainThread]: Connection 'master' was properly closed.
[0m17:32:55.277199 [debug] [MainThread]: Connection 'model.dbt_monitor.stg_orders' was properly closed.
[0m17:32:55.277288 [info ] [MainThread]: 
[0m17:32:55.277391 [info ] [MainThread]: Finished running 1 view model in 0 hours 0 minutes and 0.07 seconds (0.07s).
[0m17:32:55.277602 [debug] [MainThread]: Command end result
[0m17:32:55.312487 [debug] [MainThread]: Wrote artifact WritableManifest to /Users/rajatrampal/dbt-monitor/dbt_project/target/manifest.json
[0m17:32:55.313236 [debug] [MainThread]: Wrote artifact SemanticManifest to /Users/rajatrampal/dbt-monitor/dbt_project/target/semantic_manifest.json
[0m17:32:55.315256 [debug] [MainThread]: Wrote artifact RunExecutionResult to /Users/rajatrampal/dbt-monitor/dbt_project/target/run_results.json
[0m17:32:55.315370 [info ] [MainThread]: 
[0m17:32:55.315504 [info ] [MainThread]: [32mCompleted successfully[0m
[0m17:32:55.315596 [info ] [MainThread]: 
[0m17:32:55.315703 [info ] [MainThread]: Done. PASS=1 WARN=0 ERROR=0 SKIP=0 NO-OP=0 TOTAL=1
[0m17:32:55.315912 [debug] [MainThread]: Resource report: {"command_name": "run", "command_success": true, "command_wall_clock_time": 0.35070297, "process_in_blocks": "0", "process_kernel_time": 0.12821, "process_mem_max_rss": "145555456", "process_out_blocks": "0", "process_user_time": 0.744439}
[0m17:32:55.316056 [debug] [MainThread]: Command `dbt run` succeeded at 17:32:55.316028 after 0.35 seconds
[0m17:32:55.316176 [debug] [MainThread]: Sending event: {'category': 'dbt', 'action': 'invocation', 'label': 'end', 'context': [<snowplow_tracker.self_describing_json.SelfDescribingJson object at 0x10554ea20>, <snowplow_tracker.self_describing_json.SelfDescribingJson object at 0x10414f6e0>, <snowplow_tracker.self_describing_json.SelfDescribingJson object at 0x10259a7e0>]}
[0m17:32:55.316289 [debug] [MainThread]: Flushing usage events
[0m17:32:55.523757 [debug] [MainThread]: An error was encountered while trying to flush usage events
[0m17:32:59.190444 [debug] [MainThread]: Sending event: {'category': 'dbt', 'action': 'invocation', 'label': 'start', 'context': [<snowplow_tracker.self_describing_json.SelfDescribingJson object at 0x10749f830>, <snowplow_tracker.self_describing_json.SelfDescribingJson object at 0x107df7b30>, <snowplow_tracker.self_describing_json.SelfDescribingJson object at 0x107df7fb0>]}


============================== 17:32:59.192238 | 35c1c8f6-b1ef-4773-b403-2df806d3feb2 ==============================
[0m17:32:59.192238 [info ] [MainThread]: Running with dbt=1.11.11
[0m17:32:59.192474 [debug] [MainThread]: running dbt with arguments {'target_path': 'None', 'introspect': 'True', 'profiles_dir': '.', 'write_json': 'True', 'partial_parse': 'True', 'no_print': 'None', 'invocation_command': 'dbt run --profiles-dir .', 'debug': 'False', 'quiet': 'False', 'cache_selected_only': 'False', 'empty': 'False', 'log_cache_events': 'False', 'version_check': 'True', 'fail_fast': 'False', 'log_path': '/Users/rajatrampal/dbt-monitor/dbt_project/logs', 'use_experimental_parser': 'False', 'warn_error_options': 'WarnErrorOptionsV2(error=[], warn=[], silence=[])', 'use_colors': 'True', 'indirect_selection': 'eager', 'warn_error': 'None', 'printer_width': '80', 'log_format': 'default', 'static_parser': 'True', 'send_anonymous_usage_stats': 'True'}
[0m17:32:59.267068 [debug] [MainThread]: Sending event: {'category': 'dbt', 'action': 'project_id', 'label': '35c1c8f6-b1ef-4773-b403-2df806d3feb2', 'context': [<snowplow_tracker.self_describing_json.SelfDescribingJson object at 0x1082405c0>]}
[0m17:32:59.287095 [debug] [MainThread]: Sending event: {'category': 'dbt', 'action': 'adapter_info', 'label': '35c1c8f6-b1ef-4773-b403-2df806d3feb2', 'context': [<snowplow_tracker.self_describing_json.SelfDescribingJson object at 0x10762ef30>]}
[0m17:32:59.287874 [info ] [MainThread]: Registered adapter: duckdb=1.10.1
[0m17:32:59.325488 [debug] [MainThread]: checksum: 30a8cc8fdcbf66701b0944d4ccce3fa46dd04b61e5df68b9f16d57b2e0e3f0be, vars: {}, profile: , target: , version: 1.11.11
[0m17:32:59.353563 [debug] [MainThread]: Partial parsing enabled: 0 files deleted, 0 files added, 0 files changed.
[0m17:32:59.353734 [debug] [MainThread]: Nothing changed, skipping partial parsing.
[0m17:32:59.353827 [debug] [MainThread]: Partial parsing enabled, no changes found, skipping parsing
[0m17:32:59.362609 [debug] [MainThread]: Sending event: {'category': 'dbt', 'action': 'load_project', 'label': '35c1c8f6-b1ef-4773-b403-2df806d3feb2', 'context': [<snowplow_tracker.self_describing_json.SelfDescribingJson object at 0x10837ccb0>]}
[0m17:32:59.384390 [debug] [MainThread]: Wrote artifact WritableManifest to /Users/rajatrampal/dbt-monitor/dbt_project/target/manifest.json
[0m17:32:59.385338 [debug] [MainThread]: Wrote artifact SemanticManifest to /Users/rajatrampal/dbt-monitor/dbt_project/target/semantic_manifest.json
[0m17:32:59.388422 [debug] [MainThread]: Sending event: {'category': 'dbt', 'action': 'resource_counts', 'label': '35c1c8f6-b1ef-4773-b403-2df806d3feb2', 'context': [<snowplow_tracker.self_describing_json.SelfDescribingJson object at 0x1088002f0>]}
[0m17:32:59.388606 [info ] [MainThread]: Found 1 model, 485 macros
[0m17:32:59.388720 [debug] [MainThread]: Sending event: {'category': 'dbt', 'action': 'runnable_timing', 'label': '35c1c8f6-b1ef-4773-b403-2df806d3feb2', 'context': [<snowplow_tracker.self_describing_json.SelfDescribingJson object at 0x108835820>]}
[0m17:32:59.389290 [info ] [MainThread]: 
[0m17:32:59.389399 [info ] [MainThread]: Concurrency: 1 threads (target='dev')
[0m17:32:59.389483 [info ] [MainThread]: 
[0m17:32:59.389660 [debug] [MainThread]: Acquiring new duckdb connection 'master'
[0m17:32:59.390060 [debug] [ThreadPool]: Acquiring new duckdb connection 'list_dev'
[0m17:32:59.406368 [debug] [ThreadPool]: Using duckdb connection "list_dev"
[0m17:32:59.406526 [debug] [ThreadPool]: On list_dev: /* {"app": "dbt", "dbt_version": "1.11.11", "profile_name": "dbt_monitor", "target_name": "dev", "connection_name": "list_dev"} */

    
    select schema_name
    from system.information_schema.schemata
    
    where lower(catalog_name) = '"dev"'
    
  
  
[0m17:32:59.406628 [debug] [ThreadPool]: Opening a new connection, currently in state init
[0m17:32:59.412774 [debug] [ThreadPool]: SQL status: OK in 0.006 seconds
[0m17:32:59.413325 [debug] [ThreadPool]: On list_dev: Close
[0m17:32:59.413612 [debug] [ThreadPool]: Re-using an available connection from the pool (formerly list_dev, now create_dev_main)
[0m17:32:59.413791 [debug] [ThreadPool]: Creating schema "database: "dev"
schema: "main"
"
[0m17:32:59.416298 [debug] [ThreadPool]: Using duckdb connection "create_dev_main"
[0m17:32:59.416427 [debug] [ThreadPool]: On create_dev_main: /* {"app": "dbt", "dbt_version": "1.11.11", "profile_name": "dbt_monitor", "target_name": "dev", "connection_name": "create_dev_main"} */

    
        select type from duckdb_databases()
        where lower(database_name)='dev'
        and type='sqlite'
    
  
[0m17:32:59.416521 [debug] [ThreadPool]: Opening a new connection, currently in state closed
[0m17:32:59.416974 [debug] [ThreadPool]: SQL status: OK in 0.000 seconds
[0m17:32:59.417435 [debug] [ThreadPool]: Using duckdb connection "create_dev_main"
[0m17:32:59.417520 [debug] [ThreadPool]: On create_dev_main: BEGIN
[0m17:32:59.417693 [debug] [ThreadPool]: SQL status: OK in 0.000 seconds
[0m17:32:59.417776 [debug] [ThreadPool]: Using duckdb connection "create_dev_main"
[0m17:32:59.417847 [debug] [ThreadPool]: On create_dev_main: /* {"app": "dbt", "dbt_version": "1.11.11", "profile_name": "dbt_monitor", "target_name": "dev", "connection_name": "create_dev_main"} */

    
    
        create schema if not exists "dev"."main"
    
[0m17:32:59.418020 [debug] [ThreadPool]: SQL status: OK in 0.000 seconds
[0m17:32:59.418332 [debug] [ThreadPool]: On create_dev_main: COMMIT
[0m17:32:59.418467 [debug] [ThreadPool]: Using duckdb connection "create_dev_main"
[0m17:32:59.418568 [debug] [ThreadPool]: On create_dev_main: COMMIT
[0m17:32:59.418825 [debug] [ThreadPool]: SQL status: OK in 0.000 seconds
[0m17:32:59.418920 [debug] [ThreadPool]: On create_dev_main: Close
[0m17:32:59.419352 [debug] [ThreadPool]: Re-using an available connection from the pool (formerly create_dev_main, now list_dev_main)
[0m17:32:59.421446 [debug] [ThreadPool]: Using duckdb connection "list_dev_main"
[0m17:32:59.421568 [debug] [ThreadPool]: On list_dev_main: BEGIN
[0m17:32:59.421650 [debug] [ThreadPool]: Opening a new connection, currently in state closed
[0m17:32:59.421846 [debug] [ThreadPool]: SQL status: OK in 0.000 seconds
[0m17:32:59.421932 [debug] [ThreadPool]: Using duckdb connection "list_dev_main"
[0m17:32:59.422017 [debug] [ThreadPool]: On list_dev_main: /* {"app": "dbt", "dbt_version": "1.11.11", "profile_name": "dbt_monitor", "target_name": "dev", "connection_name": "list_dev_main"} */
select
      'dev' as database,
      table_name as name,
      table_schema as schema,
      CASE table_type
        WHEN 'BASE TABLE' THEN 'table'
        WHEN 'VIEW' THEN 'view'
        WHEN 'LOCAL TEMPORARY' THEN 'table'
        END as type
    from system.information_schema.tables
    where lower(table_schema) = 'main'
    and lower(table_catalog) = 'dev'
  
[0m17:32:59.423363 [debug] [ThreadPool]: SQL status: OK in 0.001 seconds
[0m17:32:59.423871 [debug] [ThreadPool]: On list_dev_main: ROLLBACK
[0m17:32:59.424311 [debug] [ThreadPool]: Failed to rollback 'list_dev_main'
[0m17:32:59.424409 [debug] [ThreadPool]: On list_dev_main: Close
[0m17:32:59.424680 [debug] [MainThread]: Sending event: {'category': 'dbt', 'action': 'runnable_timing', 'label': '35c1c8f6-b1ef-4773-b403-2df806d3feb2', 'context': [<snowplow_tracker.self_describing_json.SelfDescribingJson object at 0x1089d3860>]}
[0m17:32:59.424826 [debug] [MainThread]: Using duckdb connection "master"
[0m17:32:59.424913 [debug] [MainThread]: On master: BEGIN
[0m17:32:59.424995 [debug] [MainThread]: Opening a new connection, currently in state init
[0m17:32:59.425156 [debug] [MainThread]: SQL status: OK in 0.000 seconds
[0m17:32:59.425238 [debug] [MainThread]: On master: COMMIT
[0m17:32:59.425310 [debug] [MainThread]: Using duckdb connection "master"
[0m17:32:59.425388 [debug] [MainThread]: On master: COMMIT
[0m17:32:59.425513 [debug] [MainThread]: SQL status: OK in 0.000 seconds
[0m17:32:59.425594 [debug] [MainThread]: On master: Close
[0m17:32:59.426322 [debug] [Thread-1 (]: Began running node model.dbt_monitor.stg_orders
[0m17:32:59.426479 [info ] [Thread-1 (]: 1 of 1 START sql view model main.stg_orders .................................... [RUN]
[0m17:32:59.426609 [debug] [Thread-1 (]: Re-using an available connection from the pool (formerly list_dev_main, now model.dbt_monitor.stg_orders)
[0m17:32:59.426701 [debug] [Thread-1 (]: Began compiling node model.dbt_monitor.stg_orders
[0m17:32:59.428901 [debug] [Thread-1 (]: Writing injected SQL for node "model.dbt_monitor.stg_orders"
[0m17:32:59.429150 [debug] [Thread-1 (]: Began executing node model.dbt_monitor.stg_orders
[0m17:32:59.440247 [debug] [Thread-1 (]: Writing runtime sql for node "model.dbt_monitor.stg_orders"
[0m17:32:59.440490 [debug] [Thread-1 (]: Using duckdb connection "model.dbt_monitor.stg_orders"
[0m17:32:59.440599 [debug] [Thread-1 (]: On model.dbt_monitor.stg_orders: BEGIN
[0m17:32:59.440696 [debug] [Thread-1 (]: Opening a new connection, currently in state closed
[0m17:32:59.440882 [debug] [Thread-1 (]: SQL status: OK in 0.000 seconds
[0m17:32:59.440975 [debug] [Thread-1 (]: Using duckdb connection "model.dbt_monitor.stg_orders"
[0m17:32:59.441071 [debug] [Thread-1 (]: On model.dbt_monitor.stg_orders: /* {"app": "dbt", "dbt_version": "1.11.11", "profile_name": "dbt_monitor", "target_name": "dev", "node_id": "model.dbt_monitor.stg_orders"} */

  
  create view "dev"."main"."stg_orders__dbt_tmp" as (
    SELECT 
    1 AS order_id,
    'pending' AS status,
    100.00 AS amount
  );

[0m17:32:59.441310 [debug] [Thread-1 (]: SQL status: OK in 0.000 seconds
[0m17:32:59.443747 [debug] [Thread-1 (]: Using duckdb connection "model.dbt_monitor.stg_orders"
[0m17:32:59.443859 [debug] [Thread-1 (]: On model.dbt_monitor.stg_orders: /* {"app": "dbt", "dbt_version": "1.11.11", "profile_name": "dbt_monitor", "target_name": "dev", "node_id": "model.dbt_monitor.stg_orders"} */
alter view "dev"."main"."stg_orders" rename to "stg_orders__dbt_backup"
[0m17:32:59.444078 [debug] [Thread-1 (]: SQL status: OK in 0.000 seconds
[0m17:32:59.444995 [debug] [Thread-1 (]: Using duckdb connection "model.dbt_monitor.stg_orders"
[0m17:32:59.445101 [debug] [Thread-1 (]: On model.dbt_monitor.stg_orders: /* {"app": "dbt", "dbt_version": "1.11.11", "profile_name": "dbt_monitor", "target_name": "dev", "node_id": "model.dbt_monitor.stg_orders"} */
alter view "dev"."main"."stg_orders__dbt_tmp" rename to "stg_orders"
[0m17:32:59.445271 [debug] [Thread-1 (]: SQL status: OK in 0.000 seconds
[0m17:32:59.449540 [debug] [Thread-1 (]: On model.dbt_monitor.stg_orders: COMMIT
[0m17:32:59.449657 [debug] [Thread-1 (]: Using duckdb connection "model.dbt_monitor.stg_orders"
[0m17:32:59.449754 [debug] [Thread-1 (]: On model.dbt_monitor.stg_orders: COMMIT
[0m17:32:59.450066 [debug] [Thread-1 (]: SQL status: OK in 0.000 seconds
[0m17:32:59.451750 [debug] [Thread-1 (]: Using duckdb connection "model.dbt_monitor.stg_orders"
[0m17:32:59.451906 [debug] [Thread-1 (]: On model.dbt_monitor.stg_orders: /* {"app": "dbt", "dbt_version": "1.11.11", "profile_name": "dbt_monitor", "target_name": "dev", "node_id": "model.dbt_monitor.stg_orders"} */

      drop view if exists "dev"."main"."stg_orders__dbt_backup" cascade
    
[0m17:32:59.452129 [debug] [Thread-1 (]: SQL status: OK in 0.000 seconds
[0m17:32:59.452890 [debug] [Thread-1 (]: On model.dbt_monitor.stg_orders: Close
[0m17:32:59.453436 [debug] [Thread-1 (]: Sending event: {'category': 'dbt', 'action': 'run_model', 'label': '35c1c8f6-b1ef-4773-b403-2df806d3feb2', 'context': [<snowplow_tracker.self_describing_json.SelfDescribingJson object at 0x108b251f0>]}
[0m17:32:59.453650 [info ] [Thread-1 (]: 1 of 1 OK created sql view model main.stg_orders ............................... [[32mOK[0m in 0.03s]
[0m17:32:59.453830 [debug] [Thread-1 (]: Finished running node model.dbt_monitor.stg_orders
[0m17:32:59.454221 [debug] [MainThread]: Using duckdb connection "master"
[0m17:32:59.454326 [debug] [MainThread]: On master: BEGIN
[0m17:32:59.454411 [debug] [MainThread]: Opening a new connection, currently in state closed
[0m17:32:59.454577 [debug] [MainThread]: SQL status: OK in 0.000 seconds
[0m17:32:59.454659 [debug] [MainThread]: On master: COMMIT
[0m17:32:59.454737 [debug] [MainThread]: Using duckdb connection "master"
[0m17:32:59.454808 [debug] [MainThread]: On master: COMMIT
[0m17:32:59.454920 [debug] [MainThread]: SQL status: OK in 0.000 seconds
[0m17:32:59.455003 [debug] [MainThread]: On master: Close
[0m17:32:59.455110 [debug] [MainThread]: Connection 'master' was properly closed.
[0m17:32:59.455183 [debug] [MainThread]: Connection 'model.dbt_monitor.stg_orders' was properly closed.
[0m17:32:59.455262 [info ] [MainThread]: 
[0m17:32:59.455348 [info ] [MainThread]: Finished running 1 view model in 0 hours 0 minutes and 0.07 seconds (0.07s).
[0m17:32:59.455534 [debug] [MainThread]: Command end result
[0m17:32:59.487462 [debug] [MainThread]: Wrote artifact WritableManifest to /Users/rajatrampal/dbt-monitor/dbt_project/target/manifest.json
[0m17:32:59.488176 [debug] [MainThread]: Wrote artifact SemanticManifest to /Users/rajatrampal/dbt-monitor/dbt_project/target/semantic_manifest.json
[0m17:32:59.490157 [debug] [MainThread]: Wrote artifact RunExecutionResult to /Users/rajatrampal/dbt-monitor/dbt_project/target/run_results.json
[0m17:32:59.490264 [info ] [MainThread]: 
[0m17:32:59.490392 [info ] [MainThread]: [32mCompleted successfully[0m
[0m17:32:59.490481 [info ] [MainThread]: 
[0m17:32:59.490586 [info ] [MainThread]: Done. PASS=1 WARN=0 ERROR=0 SKIP=0 NO-OP=0 TOTAL=1
[0m17:32:59.490790 [debug] [MainThread]: Resource report: {"command_name": "run", "command_success": true, "command_wall_clock_time": 0.3266706, "process_in_blocks": "0", "process_kernel_time": 0.101428, "process_mem_max_rss": "146194432", "process_out_blocks": "0", "process_user_time": 0.743105}
[0m17:32:59.490927 [debug] [MainThread]: Command `dbt run` succeeded at 17:32:59.490900 after 0.33 seconds
[0m17:32:59.491044 [debug] [MainThread]: Sending event: {'category': 'dbt', 'action': 'invocation', 'label': 'end', 'context': [<snowplow_tracker.self_describing_json.SelfDescribingJson object at 0x106437830>, <snowplow_tracker.self_describing_json.SelfDescribingJson object at 0x1045f2d50>, <snowplow_tracker.self_describing_json.SelfDescribingJson object at 0x104ee6510>]}
[0m17:32:59.491149 [debug] [MainThread]: Flushing usage events
[0m17:32:59.695671 [debug] [MainThread]: An error was encountered while trying to flush usage events
[0m17:55:25.775793 [debug] [MainThread]: Sending event: {'category': 'dbt', 'action': 'invocation', 'label': 'start', 'context': [<snowplow_tracker.self_describing_json.SelfDescribingJson object at 0x103aa0c50>, <snowplow_tracker.self_describing_json.SelfDescribingJson object at 0x104a7bb30>, <snowplow_tracker.self_describing_json.SelfDescribingJson object at 0x104a7bfb0>]}


============================== 17:55:25.778291 | efc99034-6272-4b51-a2ab-32f04ae64c21 ==============================
[0m17:55:25.778291 [info ] [MainThread]: Running with dbt=1.11.11
[0m17:55:25.778519 [debug] [MainThread]: running dbt with arguments {'no_print': 'None', 'write_json': 'True', 'introspect': 'True', 'send_anonymous_usage_stats': 'True', 'static_parser': 'True', 'version_check': 'True', 'use_experimental_parser': 'False', 'log_format': 'default', 'warn_error_options': 'WarnErrorOptionsV2(error=[], warn=[], silence=[])', 'target_path': 'None', 'quiet': 'False', 'warn_error': 'None', 'empty': 'False', 'debug': 'False', 'partial_parse': 'True', 'indirect_selection': 'eager', 'profiles_dir': '.', 'fail_fast': 'False', 'printer_width': '80', 'log_path': '/Users/rajatrampal/dbt-monitor/dbt_project/logs', 'log_cache_events': 'False', 'invocation_command': 'dbt run --profiles-dir .', 'cache_selected_only': 'False', 'use_colors': 'True'}
[0m17:55:25.858813 [debug] [MainThread]: Sending event: {'category': 'dbt', 'action': 'project_id', 'label': 'efc99034-6272-4b51-a2ab-32f04ae64c21', 'context': [<snowplow_tracker.self_describing_json.SelfDescribingJson object at 0x10234c4d0>]}
[0m17:55:25.879822 [debug] [MainThread]: Sending event: {'category': 'dbt', 'action': 'adapter_info', 'label': 'efc99034-6272-4b51-a2ab-32f04ae64c21', 'context': [<snowplow_tracker.self_describing_json.SelfDescribingJson object at 0x10440b8f0>]}
[0m17:55:25.880937 [info ] [MainThread]: Registered adapter: duckdb=1.10.1
[0m17:55:25.943725 [debug] [MainThread]: checksum: 30a8cc8fdcbf66701b0944d4ccce3fa46dd04b61e5df68b9f16d57b2e0e3f0be, vars: {}, profile: , target: , version: 1.11.11
[0m17:55:25.982411 [debug] [MainThread]: Partial parsing enabled: 0 files deleted, 0 files added, 0 files changed.
[0m17:55:25.982579 [debug] [MainThread]: Nothing changed, skipping partial parsing.
[0m17:55:25.982678 [debug] [MainThread]: Partial parsing enabled, no changes found, skipping parsing
[0m17:55:25.991913 [debug] [MainThread]: Sending event: {'category': 'dbt', 'action': 'load_project', 'label': 'efc99034-6272-4b51-a2ab-32f04ae64c21', 'context': [<snowplow_tracker.self_describing_json.SelfDescribingJson object at 0x104d64d70>]}
[0m17:55:26.014420 [debug] [MainThread]: Wrote artifact WritableManifest to /Users/rajatrampal/dbt-monitor/dbt_project/target/manifest.json
[0m17:55:26.015289 [debug] [MainThread]: Wrote artifact SemanticManifest to /Users/rajatrampal/dbt-monitor/dbt_project/target/semantic_manifest.json
[0m17:55:26.020063 [debug] [MainThread]: Sending event: {'category': 'dbt', 'action': 'resource_counts', 'label': 'efc99034-6272-4b51-a2ab-32f04ae64c21', 'context': [<snowplow_tracker.self_describing_json.SelfDescribingJson object at 0x1050840b0>]}
[0m17:55:26.020229 [info ] [MainThread]: Found 1 model, 485 macros
[0m17:55:26.020352 [debug] [MainThread]: Sending event: {'category': 'dbt', 'action': 'runnable_timing', 'label': 'efc99034-6272-4b51-a2ab-32f04ae64c21', 'context': [<snowplow_tracker.self_describing_json.SelfDescribingJson object at 0x1050b9af0>]}
[0m17:55:26.020895 [info ] [MainThread]: 
[0m17:55:26.021012 [info ] [MainThread]: Concurrency: 1 threads (target='dev')
[0m17:55:26.021095 [info ] [MainThread]: 
[0m17:55:26.021257 [debug] [MainThread]: Acquiring new duckdb connection 'master'
[0m17:55:26.021616 [debug] [ThreadPool]: Acquiring new duckdb connection 'list_dev'
[0m17:55:26.046310 [debug] [ThreadPool]: Using duckdb connection "list_dev"
[0m17:55:26.046461 [debug] [ThreadPool]: On list_dev: /* {"app": "dbt", "dbt_version": "1.11.11", "profile_name": "dbt_monitor", "target_name": "dev", "connection_name": "list_dev"} */

    
    select schema_name
    from system.information_schema.schemata
    
    where lower(catalog_name) = '"dev"'
    
  
  
[0m17:55:26.046562 [debug] [ThreadPool]: Opening a new connection, currently in state init
[0m17:55:26.053514 [debug] [ThreadPool]: SQL status: OK in 0.007 seconds
[0m17:55:26.054026 [debug] [ThreadPool]: On list_dev: Close
[0m17:55:26.054277 [debug] [ThreadPool]: Re-using an available connection from the pool (formerly list_dev, now create_dev_main)
[0m17:55:26.054433 [debug] [ThreadPool]: Creating schema "database: "dev"
schema: "main"
"
[0m17:55:26.056813 [debug] [ThreadPool]: Using duckdb connection "create_dev_main"
[0m17:55:26.056924 [debug] [ThreadPool]: On create_dev_main: /* {"app": "dbt", "dbt_version": "1.11.11", "profile_name": "dbt_monitor", "target_name": "dev", "connection_name": "create_dev_main"} */

    
        select type from duckdb_databases()
        where lower(database_name)='dev'
        and type='sqlite'
    
  
[0m17:55:26.057011 [debug] [ThreadPool]: Opening a new connection, currently in state closed
[0m17:55:26.057309 [debug] [ThreadPool]: SQL status: OK in 0.000 seconds
[0m17:55:26.057718 [debug] [ThreadPool]: Using duckdb connection "create_dev_main"
[0m17:55:26.057804 [debug] [ThreadPool]: On create_dev_main: BEGIN
[0m17:55:26.057942 [debug] [ThreadPool]: SQL status: OK in 0.000 seconds
[0m17:55:26.058021 [debug] [ThreadPool]: Using duckdb connection "create_dev_main"
[0m17:55:26.058100 [debug] [ThreadPool]: On create_dev_main: /* {"app": "dbt", "dbt_version": "1.11.11", "profile_name": "dbt_monitor", "target_name": "dev", "connection_name": "create_dev_main"} */

    
    
        create schema if not exists "dev"."main"
    
[0m17:55:26.058260 [debug] [ThreadPool]: SQL status: OK in 0.000 seconds
[0m17:55:26.058503 [debug] [ThreadPool]: On create_dev_main: COMMIT
[0m17:55:26.058596 [debug] [ThreadPool]: Using duckdb connection "create_dev_main"
[0m17:55:26.058674 [debug] [ThreadPool]: On create_dev_main: COMMIT
[0m17:55:26.058805 [debug] [ThreadPool]: SQL status: OK in 0.000 seconds
[0m17:55:26.058888 [debug] [ThreadPool]: On create_dev_main: Close
[0m17:55:26.059195 [debug] [ThreadPool]: Re-using an available connection from the pool (formerly create_dev_main, now list_dev_main)
[0m17:55:26.061290 [debug] [ThreadPool]: Using duckdb connection "list_dev_main"
[0m17:55:26.061453 [debug] [ThreadPool]: On list_dev_main: BEGIN
[0m17:55:26.061552 [debug] [ThreadPool]: Opening a new connection, currently in state closed
[0m17:55:26.061794 [debug] [ThreadPool]: SQL status: OK in 0.000 seconds
[0m17:55:26.061889 [debug] [ThreadPool]: Using duckdb connection "list_dev_main"
[0m17:55:26.061980 [debug] [ThreadPool]: On list_dev_main: /* {"app": "dbt", "dbt_version": "1.11.11", "profile_name": "dbt_monitor", "target_name": "dev", "connection_name": "list_dev_main"} */
select
      'dev' as database,
      table_name as name,
      table_schema as schema,
      CASE table_type
        WHEN 'BASE TABLE' THEN 'table'
        WHEN 'VIEW' THEN 'view'
        WHEN 'LOCAL TEMPORARY' THEN 'table'
        END as type
    from system.information_schema.tables
    where lower(table_schema) = 'main'
    and lower(table_catalog) = 'dev'
  
[0m17:55:26.063339 [debug] [ThreadPool]: SQL status: OK in 0.001 seconds
[0m17:55:26.063753 [debug] [ThreadPool]: On list_dev_main: ROLLBACK
[0m17:55:26.064481 [debug] [ThreadPool]: Failed to rollback 'list_dev_main'
[0m17:55:26.064567 [debug] [ThreadPool]: On list_dev_main: Close
[0m17:55:26.064834 [debug] [MainThread]: Sending event: {'category': 'dbt', 'action': 'runnable_timing', 'label': 'efc99034-6272-4b51-a2ab-32f04ae64c21', 'context': [<snowplow_tracker.self_describing_json.SelfDescribingJson object at 0x1050b9100>]}
[0m17:55:26.065017 [debug] [MainThread]: Using duckdb connection "master"
[0m17:55:26.065127 [debug] [MainThread]: On master: BEGIN
[0m17:55:26.065221 [debug] [MainThread]: Opening a new connection, currently in state init
[0m17:55:26.065426 [debug] [MainThread]: SQL status: OK in 0.000 seconds
[0m17:55:26.065515 [debug] [MainThread]: On master: COMMIT
[0m17:55:26.065592 [debug] [MainThread]: Using duckdb connection "master"
[0m17:55:26.065663 [debug] [MainThread]: On master: COMMIT
[0m17:55:26.065815 [debug] [MainThread]: SQL status: OK in 0.000 seconds
[0m17:55:26.065950 [debug] [MainThread]: On master: Close
[0m17:55:26.067074 [debug] [Thread-1 (]: Began running node model.dbt_monitor.stg_orders
[0m17:55:26.067248 [info ] [Thread-1 (]: 1 of 1 START sql view model main.stg_orders .................................... [RUN]
[0m17:55:26.067381 [debug] [Thread-1 (]: Re-using an available connection from the pool (formerly list_dev_main, now model.dbt_monitor.stg_orders)
[0m17:55:26.067476 [debug] [Thread-1 (]: Began compiling node model.dbt_monitor.stg_orders
[0m17:55:26.069619 [debug] [Thread-1 (]: Writing injected SQL for node "model.dbt_monitor.stg_orders"
[0m17:55:26.069969 [debug] [Thread-1 (]: Began executing node model.dbt_monitor.stg_orders
[0m17:55:26.081029 [debug] [Thread-1 (]: Writing runtime sql for node "model.dbt_monitor.stg_orders"
[0m17:55:26.081415 [debug] [Thread-1 (]: Using duckdb connection "model.dbt_monitor.stg_orders"
[0m17:55:26.081528 [debug] [Thread-1 (]: On model.dbt_monitor.stg_orders: BEGIN
[0m17:55:26.081627 [debug] [Thread-1 (]: Opening a new connection, currently in state closed
[0m17:55:26.081827 [debug] [Thread-1 (]: SQL status: OK in 0.000 seconds
[0m17:55:26.081927 [debug] [Thread-1 (]: Using duckdb connection "model.dbt_monitor.stg_orders"
[0m17:55:26.082026 [debug] [Thread-1 (]: On model.dbt_monitor.stg_orders: /* {"app": "dbt", "dbt_version": "1.11.11", "profile_name": "dbt_monitor", "target_name": "dev", "node_id": "model.dbt_monitor.stg_orders"} */

  
  create view "dev"."main"."stg_orders__dbt_tmp" as (
    SELECT 
    1 AS order_id,
    'pending' AS status,
    100.00 AS amount
  );

[0m17:55:26.082269 [debug] [Thread-1 (]: SQL status: OK in 0.000 seconds
[0m17:55:26.084780 [debug] [Thread-1 (]: Using duckdb connection "model.dbt_monitor.stg_orders"
[0m17:55:26.084895 [debug] [Thread-1 (]: On model.dbt_monitor.stg_orders: /* {"app": "dbt", "dbt_version": "1.11.11", "profile_name": "dbt_monitor", "target_name": "dev", "node_id": "model.dbt_monitor.stg_orders"} */
alter view "dev"."main"."stg_orders" rename to "stg_orders__dbt_backup"
[0m17:55:26.085094 [debug] [Thread-1 (]: SQL status: OK in 0.000 seconds
[0m17:55:26.085996 [debug] [Thread-1 (]: Using duckdb connection "model.dbt_monitor.stg_orders"
[0m17:55:26.086103 [debug] [Thread-1 (]: On model.dbt_monitor.stg_orders: /* {"app": "dbt", "dbt_version": "1.11.11", "profile_name": "dbt_monitor", "target_name": "dev", "node_id": "model.dbt_monitor.stg_orders"} */
alter view "dev"."main"."stg_orders__dbt_tmp" rename to "stg_orders"
[0m17:55:26.086274 [debug] [Thread-1 (]: SQL status: OK in 0.000 seconds
[0m17:55:26.090632 [debug] [Thread-1 (]: On model.dbt_monitor.stg_orders: COMMIT
[0m17:55:26.090754 [debug] [Thread-1 (]: Using duckdb connection "model.dbt_monitor.stg_orders"
[0m17:55:26.090850 [debug] [Thread-1 (]: On model.dbt_monitor.stg_orders: COMMIT
[0m17:55:26.091170 [debug] [Thread-1 (]: SQL status: OK in 0.000 seconds
[0m17:55:26.092864 [debug] [Thread-1 (]: Using duckdb connection "model.dbt_monitor.stg_orders"
[0m17:55:26.093013 [debug] [Thread-1 (]: On model.dbt_monitor.stg_orders: /* {"app": "dbt", "dbt_version": "1.11.11", "profile_name": "dbt_monitor", "target_name": "dev", "node_id": "model.dbt_monitor.stg_orders"} */

      drop view if exists "dev"."main"."stg_orders__dbt_backup" cascade
    
[0m17:55:26.093234 [debug] [Thread-1 (]: SQL status: OK in 0.000 seconds
[0m17:55:26.094079 [debug] [Thread-1 (]: On model.dbt_monitor.stg_orders: Close
[0m17:55:26.094922 [debug] [Thread-1 (]: Sending event: {'category': 'dbt', 'action': 'run_model', 'label': 'efc99034-6272-4b51-a2ab-32f04ae64c21', 'context': [<snowplow_tracker.self_describing_json.SelfDescribingJson object at 0x105362d80>]}
[0m17:55:26.095159 [info ] [Thread-1 (]: 1 of 1 OK created sql view model main.stg_orders ............................... [[32mOK[0m in 0.03s]
[0m17:55:26.095365 [debug] [Thread-1 (]: Finished running node model.dbt_monitor.stg_orders
[0m17:55:26.095802 [debug] [MainThread]: Using duckdb connection "master"
[0m17:55:26.095925 [debug] [MainThread]: On master: BEGIN
[0m17:55:26.096018 [debug] [MainThread]: Opening a new connection, currently in state closed
[0m17:55:26.096230 [debug] [MainThread]: SQL status: OK in 0.000 seconds
[0m17:55:26.096339 [debug] [MainThread]: On master: COMMIT
[0m17:55:26.096439 [debug] [MainThread]: Using duckdb connection "master"
[0m17:55:26.096535 [debug] [MainThread]: On master: COMMIT
[0m17:55:26.096679 [debug] [MainThread]: SQL status: OK in 0.000 seconds
[0m17:55:26.096774 [debug] [MainThread]: On master: Close
[0m17:55:26.096896 [debug] [MainThread]: Connection 'master' was properly closed.
[0m17:55:26.096982 [debug] [MainThread]: Connection 'model.dbt_monitor.stg_orders' was properly closed.
[0m17:55:26.097065 [info ] [MainThread]: 
[0m17:55:26.097185 [info ] [MainThread]: Finished running 1 view model in 0 hours 0 minutes and 0.08 seconds (0.08s).
[0m17:55:26.097384 [debug] [MainThread]: Command end result
[0m17:55:26.129945 [debug] [MainThread]: Wrote artifact WritableManifest to /Users/rajatrampal/dbt-monitor/dbt_project/target/manifest.json
[0m17:55:26.130666 [debug] [MainThread]: Wrote artifact SemanticManifest to /Users/rajatrampal/dbt-monitor/dbt_project/target/semantic_manifest.json
[0m17:55:26.132795 [debug] [MainThread]: Wrote artifact RunExecutionResult to /Users/rajatrampal/dbt-monitor/dbt_project/target/run_results.json
[0m17:55:26.132914 [info ] [MainThread]: 
[0m17:55:26.133047 [info ] [MainThread]: [32mCompleted successfully[0m
[0m17:55:26.133140 [info ] [MainThread]: 
[0m17:55:26.133238 [info ] [MainThread]: Done. PASS=1 WARN=0 ERROR=0 SKIP=0 NO-OP=0 TOTAL=1
[0m17:55:26.133468 [debug] [MainThread]: Resource report: {"command_name": "run", "command_success": true, "command_wall_clock_time": 0.38907626, "process_in_blocks": "0", "process_kernel_time": 0.143442, "process_mem_max_rss": "146685952", "process_out_blocks": "0", "process_user_time": 0.723344}
[0m17:55:26.133629 [debug] [MainThread]: Command `dbt run` succeeded at 17:55:26.133598 after 0.39 seconds
[0m17:55:26.133792 [debug] [MainThread]: Sending event: {'category': 'dbt', 'action': 'invocation', 'label': 'end', 'context': [<snowplow_tracker.self_describing_json.SelfDescribingJson object at 0x104b4d040>, <snowplow_tracker.self_describing_json.SelfDescribingJson object at 0x1024da000>, <snowplow_tracker.self_describing_json.SelfDescribingJson object at 0x10414d700>]}
[0m17:55:26.133951 [debug] [MainThread]: Flushing usage events
[0m17:55:26.424148 [debug] [MainThread]: An error was encountered while trying to flush usage events
[0m18:03:13.818040 [debug] [MainThread]: Sending event: {'category': 'dbt', 'action': 'invocation', 'label': 'start', 'context': [<snowplow_tracker.self_describing_json.SelfDescribingJson object at 0x1040b0da0>, <snowplow_tracker.self_describing_json.SelfDescribingJson object at 0x105058dd0>, <snowplow_tracker.self_describing_json.SelfDescribingJson object at 0x105058b00>]}


============================== 18:03:13.820257 | c6febe57-3f58-4569-bba1-e64f58d23230 ==============================
[0m18:03:13.820257 [info ] [MainThread]: Running with dbt=1.11.11
[0m18:03:13.820476 [debug] [MainThread]: running dbt with arguments {'log_cache_events': 'False', 'indirect_selection': 'eager', 'quiet': 'False', 'profiles_dir': '.', 'partial_parse': 'True', 'write_json': 'True', 'use_colors': 'True', 'invocation_command': 'dbt ls --profiles-dir .', 'empty': 'None', 'target_path': 'None', 'log_format': 'default', 'use_experimental_parser': 'False', 'fail_fast': 'False', 'warn_error': 'None', 'log_path': '/Users/rajatrampal/dbt-monitor/dbt_project/logs', 'version_check': 'True', 'cache_selected_only': 'False', 'printer_width': '80', 'send_anonymous_usage_stats': 'True', 'static_parser': 'True', 'introspect': 'True', 'warn_error_options': 'WarnErrorOptionsV2(error=[], warn=[], silence=[])', 'no_print': 'None', 'debug': 'False'}
[0m18:03:13.899433 [debug] [MainThread]: Sending event: {'category': 'dbt', 'action': 'project_id', 'label': 'c6febe57-3f58-4569-bba1-e64f58d23230', 'context': [<snowplow_tracker.self_describing_json.SelfDescribingJson object at 0x104e51970>]}
[0m18:03:13.919130 [debug] [MainThread]: Sending event: {'category': 'dbt', 'action': 'adapter_info', 'label': 'c6febe57-3f58-4569-bba1-e64f58d23230', 'context': [<snowplow_tracker.self_describing_json.SelfDescribingJson object at 0x1050c54c0>]}
[0m18:03:13.920136 [info ] [MainThread]: Registered adapter: duckdb=1.10.1
[0m18:03:13.961831 [debug] [MainThread]: checksum: 30a8cc8fdcbf66701b0944d4ccce3fa46dd04b61e5df68b9f16d57b2e0e3f0be, vars: {}, profile: , target: , version: 1.11.11
[0m18:03:13.998634 [debug] [MainThread]: Partial parsing enabled: 0 files deleted, 0 files added, 0 files changed.
[0m18:03:13.998804 [debug] [MainThread]: Nothing changed, skipping partial parsing.
[0m18:03:13.998896 [debug] [MainThread]: Partial parsing enabled, no changes found, skipping parsing
[0m18:03:14.007600 [debug] [MainThread]: Sending event: {'category': 'dbt', 'action': 'load_project', 'label': 'c6febe57-3f58-4569-bba1-e64f58d23230', 'context': [<snowplow_tracker.self_describing_json.SelfDescribingJson object at 0x105007470>]}
[0m18:03:14.030475 [debug] [MainThread]: Wrote artifact WritableManifest to /Users/rajatrampal/dbt-monitor/dbt_project/target/manifest.json
[0m18:03:14.031604 [debug] [MainThread]: Wrote artifact SemanticManifest to /Users/rajatrampal/dbt-monitor/dbt_project/target/semantic_manifest.json
[0m18:03:14.040876 [debug] [MainThread]: Sending event: {'category': 'dbt', 'action': 'resource_counts', 'label': 'c6febe57-3f58-4569-bba1-e64f58d23230', 'context': [<snowplow_tracker.self_describing_json.SelfDescribingJson object at 0x105515c40>]}
[0m18:03:14.041099 [info ] [MainThread]: Found 1 model, 485 macros
[0m18:03:14.041223 [debug] [MainThread]: Sending event: {'category': 'dbt', 'action': 'runnable_timing', 'label': 'c6febe57-3f58-4569-bba1-e64f58d23230', 'context': [<snowplow_tracker.self_describing_json.SelfDescribingJson object at 0x1052fa390>]}
[0m18:03:14.041521 [info ] [MainThread]: dbt_monitor.staging.stg_orders
[0m18:03:14.041760 [debug] [MainThread]: Resource report: {"command_name": "list", "command_success": true, "command_wall_clock_time": 0.2560315, "process_in_blocks": "0", "process_kernel_time": 0.112792, "process_mem_max_rss": "133464064", "process_out_blocks": "0", "process_user_time": 0.644633}
[0m18:03:14.041933 [debug] [MainThread]: Command `dbt ls` succeeded at 18:03:14.041897 after 0.26 seconds
[0m18:03:14.042065 [debug] [MainThread]: Sending event: {'category': 'dbt', 'action': 'invocation', 'label': 'end', 'context': [<snowplow_tracker.self_describing_json.SelfDescribingJson object at 0x1052fa390>, <snowplow_tracker.self_describing_json.SelfDescribingJson object at 0x1054ffbf0>, <snowplow_tracker.self_describing_json.SelfDescribingJson object at 0x105058bf0>]}
[0m18:03:14.042173 [debug] [MainThread]: Flushing usage events
[0m18:03:14.340267 [debug] [MainThread]: An error was encountered while trying to flush usage events
[0m18:19:18.761322 [debug] [MainThread]: Sending event: {'category': 'dbt', 'action': 'invocation', 'label': 'start', 'context': [<snowplow_tracker.self_describing_json.SelfDescribingJson object at 0x10ad456d0>, <snowplow_tracker.self_describing_json.SelfDescribingJson object at 0x10b6c4d70>, <snowplow_tracker.self_describing_json.SelfDescribingJson object at 0x10b6c4aa0>]}


============================== 18:19:18.763486 | 36f0ff34-94d9-4ed8-88b7-c30928d9b498 ==============================
[0m18:19:18.763486 [info ] [MainThread]: Running with dbt=1.11.11
[0m18:19:18.763693 [debug] [MainThread]: running dbt with arguments {'version_check': 'True', 'warn_error_options': 'WarnErrorOptionsV2(error=[], warn=[], silence=[])', 'send_anonymous_usage_stats': 'True', 'indirect_selection': 'eager', 'log_cache_events': 'False', 'use_experimental_parser': 'False', 'empty': 'None', 'profiles_dir': '.', 'warn_error': 'None', 'invocation_command': 'dbt ls --profiles-dir .', 'partial_parse': 'True', 'log_format': 'default', 'printer_width': '80', 'cache_selected_only': 'False', 'write_json': 'True', 'use_colors': 'True', 'target_path': 'None', 'log_path': '/Users/rajatrampal/dbt-monitor/dbt_project/logs', 'quiet': 'False', 'no_print': 'None', 'debug': 'False', 'introspect': 'True', 'fail_fast': 'False', 'static_parser': 'True'}
[0m18:19:18.840650 [debug] [MainThread]: Sending event: {'category': 'dbt', 'action': 'project_id', 'label': '36f0ff34-94d9-4ed8-88b7-c30928d9b498', 'context': [<snowplow_tracker.self_describing_json.SelfDescribingJson object at 0x10b7c3560>]}
[0m18:19:18.859685 [debug] [MainThread]: Sending event: {'category': 'dbt', 'action': 'adapter_info', 'label': '36f0ff34-94d9-4ed8-88b7-c30928d9b498', 'context': [<snowplow_tracker.self_describing_json.SelfDescribingJson object at 0x10aece780>]}
[0m18:19:18.860645 [info ] [MainThread]: Registered adapter: duckdb=1.10.1
[0m18:19:18.901685 [debug] [MainThread]: checksum: 30a8cc8fdcbf66701b0944d4ccce3fa46dd04b61e5df68b9f16d57b2e0e3f0be, vars: {}, profile: , target: , version: 1.11.11
[0m18:19:18.938918 [debug] [MainThread]: Partial parsing enabled: 0 files deleted, 0 files added, 0 files changed.
[0m18:19:18.939121 [debug] [MainThread]: Nothing changed, skipping partial parsing.
[0m18:19:18.939217 [debug] [MainThread]: Partial parsing enabled, no changes found, skipping parsing
[0m18:19:18.948437 [debug] [MainThread]: Sending event: {'category': 'dbt', 'action': 'load_project', 'label': '36f0ff34-94d9-4ed8-88b7-c30928d9b498', 'context': [<snowplow_tracker.self_describing_json.SelfDescribingJson object at 0x10bb93fb0>]}
[0m18:19:18.971126 [debug] [MainThread]: Wrote artifact WritableManifest to /Users/rajatrampal/dbt-monitor/dbt_project/target/manifest.json
[0m18:19:18.972157 [debug] [MainThread]: Wrote artifact SemanticManifest to /Users/rajatrampal/dbt-monitor/dbt_project/target/semantic_manifest.json
[0m18:19:18.980522 [debug] [MainThread]: Sending event: {'category': 'dbt', 'action': 'resource_counts', 'label': '36f0ff34-94d9-4ed8-88b7-c30928d9b498', 'context': [<snowplow_tracker.self_describing_json.SelfDescribingJson object at 0x10bdb0dd0>]}
[0m18:19:18.980705 [info ] [MainThread]: Found 1 model, 485 macros
[0m18:19:18.980820 [debug] [MainThread]: Sending event: {'category': 'dbt', 'action': 'runnable_timing', 'label': '36f0ff34-94d9-4ed8-88b7-c30928d9b498', 'context': [<snowplow_tracker.self_describing_json.SelfDescribingJson object at 0x10bfd3b90>]}
[0m18:19:18.981097 [info ] [MainThread]: dbt_monitor.staging.stg_orders
[0m18:19:18.981326 [debug] [MainThread]: Resource report: {"command_name": "list", "command_success": true, "command_wall_clock_time": 0.24968417, "process_in_blocks": "0", "process_kernel_time": 0.115412, "process_mem_max_rss": "135610368", "process_out_blocks": "0", "process_user_time": 0.625146}
[0m18:19:18.981491 [debug] [MainThread]: Command `dbt ls` succeeded at 18:19:18.981456 after 0.25 seconds
[0m18:19:18.981628 [debug] [MainThread]: Sending event: {'category': 'dbt', 'action': 'invocation', 'label': 'end', 'context': [<snowplow_tracker.self_describing_json.SelfDescribingJson object at 0x10b6491c0>, <snowplow_tracker.self_describing_json.SelfDescribingJson object at 0x10be3b470>, <snowplow_tracker.self_describing_json.SelfDescribingJson object at 0x10b6c4bf0>]}
[0m18:19:18.981736 [debug] [MainThread]: Flushing usage events
[0m18:19:19.294472 [debug] [MainThread]: An error was encountered while trying to flush usage events
[0m02:48:01.846268 [debug] [MainThread]: Sending event: {'category': 'dbt', 'action': 'invocation', 'label': 'start', 'context': [<snowplow_tracker.self_describing_json.SelfDescribingJson object at 0xffff8c31c7a0>, <snowplow_tracker.self_describing_json.SelfDescribingJson object at 0xffff8d7a7fe0>, <snowplow_tracker.self_describing_json.SelfDescribingJson object at 0xffff8d1b13a0>]}


============================== 02:48:01.870495 | af8b4f51-eb71-4033-915b-8634b9542260 ==============================
[0m02:48:01.870495 [info ] [MainThread]: Running with dbt=1.11.11
[0m02:48:01.870774 [debug] [MainThread]: running dbt with arguments {'profiles_dir': '.', 'use_colors': 'True', 'warn_error': 'None', 'empty': 'False', 'log_cache_events': 'False', 'warn_error_options': 'WarnErrorOptionsV2(error=[], warn=[], silence=[])', 'quiet': 'False', 'fail_fast': 'False', 'debug': 'False', 'partial_parse': 'True', 'send_anonymous_usage_stats': 'True', 'use_experimental_parser': 'False', 'log_path': '/app/dbt_project/logs', 'static_parser': 'True', 'introspect': 'True', 'write_json': 'True', 'version_check': 'True', 'indirect_selection': 'eager', 'invocation_command': 'dbt run --profiles-dir .', 'no_print': 'None', 'log_format': 'default', 'printer_width': '80', 'target_path': 'None', 'cache_selected_only': 'False'}
[0m02:48:01.983766 [debug] [MainThread]: Sending event: {'category': 'dbt', 'action': 'project_id', 'label': 'af8b4f51-eb71-4033-915b-8634b9542260', 'context': [<snowplow_tracker.self_describing_json.SelfDescribingJson object at 0xffff8c3d23f0>]}
[0m02:48:02.005893 [debug] [MainThread]: Sending event: {'category': 'dbt', 'action': 'adapter_info', 'label': 'af8b4f51-eb71-4033-915b-8634b9542260', 'context': [<snowplow_tracker.self_describing_json.SelfDescribingJson object at 0xffff8d7a7fe0>]}
[0m02:48:02.006946 [info ] [MainThread]: Registered adapter: duckdb=1.10.1
[0m02:48:02.034391 [debug] [MainThread]: checksum: 30a8cc8fdcbf66701b0944d4ccce3fa46dd04b61e5df68b9f16d57b2e0e3f0be, vars: {}, profile: , target: , version: 1.11.11
[0m02:48:02.069622 [debug] [MainThread]: Partial parsing enabled: 0 files deleted, 0 files added, 0 files changed.
[0m02:48:02.069864 [debug] [MainThread]: Nothing changed, skipping partial parsing.
[0m02:48:02.069971 [debug] [MainThread]: Partial parsing enabled, no changes found, skipping parsing
[0m02:48:02.080296 [debug] [MainThread]: Sending event: {'category': 'dbt', 'action': 'load_project', 'label': 'af8b4f51-eb71-4033-915b-8634b9542260', 'context': [<snowplow_tracker.self_describing_json.SelfDescribingJson object at 0xffff8bfd9370>]}
[0m02:48:02.107844 [debug] [MainThread]: Wrote artifact WritableManifest to /app/dbt_project/target/manifest.json
[0m02:48:02.108991 [debug] [MainThread]: Wrote artifact SemanticManifest to /app/dbt_project/target/semantic_manifest.json
[0m02:48:02.127618 [debug] [MainThread]: Sending event: {'category': 'dbt', 'action': 'resource_counts', 'label': 'af8b4f51-eb71-4033-915b-8634b9542260', 'context': [<snowplow_tracker.self_describing_json.SelfDescribingJson object at 0xffff86b980e0>]}
[0m02:48:02.127890 [info ] [MainThread]: Found 1 model, 485 macros
[0m02:48:02.128028 [debug] [MainThread]: Sending event: {'category': 'dbt', 'action': 'runnable_timing', 'label': 'af8b4f51-eb71-4033-915b-8634b9542260', 'context': [<snowplow_tracker.self_describing_json.SelfDescribingJson object at 0xffff86b99580>]}
[0m02:48:02.128747 [info ] [MainThread]: 
[0m02:48:02.128876 [info ] [MainThread]: Concurrency: 1 threads (target='dev')
[0m02:48:02.128969 [info ] [MainThread]: 
[0m02:48:02.129163 [debug] [MainThread]: Acquiring new duckdb connection 'master'
[0m02:48:02.129562 [debug] [ThreadPool]: Acquiring new duckdb connection 'list_dev'
[0m02:48:02.166147 [debug] [ThreadPool]: Using duckdb connection "list_dev"
[0m02:48:02.166580 [debug] [ThreadPool]: On list_dev: /* {"app": "dbt", "dbt_version": "1.11.11", "profile_name": "dbt_monitor", "target_name": "dev", "connection_name": "list_dev"} */

    
    select schema_name
    from system.information_schema.schemata
    
    where lower(catalog_name) = '"dev"'
    
  
  
[0m02:48:02.166942 [debug] [ThreadPool]: Opening a new connection, currently in state init
[0m02:48:02.185443 [debug] [ThreadPool]: SQL status: OK in 0.018 seconds
[0m02:48:02.187542 [debug] [ThreadPool]: On list_dev: Close
[0m02:48:02.188762 [debug] [ThreadPool]: Re-using an available connection from the pool (formerly list_dev, now create_dev_main)
[0m02:48:02.189506 [debug] [ThreadPool]: Creating schema "database: "dev"
schema: "main"
"
[0m02:48:02.198672 [debug] [ThreadPool]: Using duckdb connection "create_dev_main"
[0m02:48:02.199515 [debug] [ThreadPool]: On create_dev_main: /* {"app": "dbt", "dbt_version": "1.11.11", "profile_name": "dbt_monitor", "target_name": "dev", "connection_name": "create_dev_main"} */

    
        select type from duckdb_databases()
        where lower(database_name)='dev'
        and type='sqlite'
    
  
[0m02:48:02.200109 [debug] [ThreadPool]: Opening a new connection, currently in state closed
[0m02:48:02.201541 [debug] [ThreadPool]: SQL status: OK in 0.001 seconds
[0m02:48:02.202361 [debug] [ThreadPool]: Using duckdb connection "create_dev_main"
[0m02:48:02.202534 [debug] [ThreadPool]: On create_dev_main: BEGIN
[0m02:48:02.202821 [debug] [ThreadPool]: SQL status: OK in 0.000 seconds
[0m02:48:02.202933 [debug] [ThreadPool]: Using duckdb connection "create_dev_main"
[0m02:48:02.203033 [debug] [ThreadPool]: On create_dev_main: /* {"app": "dbt", "dbt_version": "1.11.11", "profile_name": "dbt_monitor", "target_name": "dev", "connection_name": "create_dev_main"} */

    
    
        create schema if not exists "dev"."main"
    
[0m02:48:02.203299 [debug] [ThreadPool]: SQL status: OK in 0.000 seconds
[0m02:48:02.204376 [debug] [ThreadPool]: On create_dev_main: COMMIT
[0m02:48:02.204765 [debug] [ThreadPool]: Using duckdb connection "create_dev_main"
[0m02:48:02.205190 [debug] [ThreadPool]: On create_dev_main: COMMIT
[0m02:48:02.206209 [debug] [ThreadPool]: SQL status: OK in 0.001 seconds
[0m02:48:02.207113 [debug] [ThreadPool]: On create_dev_main: Close
[0m02:48:02.209502 [debug] [ThreadPool]: Re-using an available connection from the pool (formerly create_dev_main, now list_dev_main)
[0m02:48:02.215573 [debug] [ThreadPool]: Using duckdb connection "list_dev_main"
[0m02:48:02.216017 [debug] [ThreadPool]: On list_dev_main: BEGIN
[0m02:48:02.216496 [debug] [ThreadPool]: Opening a new connection, currently in state closed
[0m02:48:02.217430 [debug] [ThreadPool]: SQL status: OK in 0.001 seconds
[0m02:48:02.217804 [debug] [ThreadPool]: Using duckdb connection "list_dev_main"
[0m02:48:02.218067 [debug] [ThreadPool]: On list_dev_main: /* {"app": "dbt", "dbt_version": "1.11.11", "profile_name": "dbt_monitor", "target_name": "dev", "connection_name": "list_dev_main"} */
select
      'dev' as database,
      table_name as name,
      table_schema as schema,
      CASE table_type
        WHEN 'BASE TABLE' THEN 'table'
        WHEN 'VIEW' THEN 'view'
        WHEN 'LOCAL TEMPORARY' THEN 'table'
        END as type
    from system.information_schema.tables
    where lower(table_schema) = 'main'
    and lower(table_catalog) = 'dev'
  
[0m02:48:02.221697 [debug] [ThreadPool]: SQL status: OK in 0.003 seconds
[0m02:48:02.222523 [debug] [ThreadPool]: On list_dev_main: ROLLBACK
[0m02:48:02.223667 [debug] [ThreadPool]: Failed to rollback 'list_dev_main'
[0m02:48:02.224048 [debug] [ThreadPool]: On list_dev_main: Close
[0m02:48:02.224827 [debug] [MainThread]: Sending event: {'category': 'dbt', 'action': 'runnable_timing', 'label': 'af8b4f51-eb71-4033-915b-8634b9542260', 'context': [<snowplow_tracker.self_describing_json.SelfDescribingJson object at 0xffff8cefee70>]}
[0m02:48:02.225209 [debug] [MainThread]: Using duckdb connection "master"
[0m02:48:02.225375 [debug] [MainThread]: On master: BEGIN
[0m02:48:02.225520 [debug] [MainThread]: Opening a new connection, currently in state init
[0m02:48:02.225979 [debug] [MainThread]: SQL status: OK in 0.000 seconds
[0m02:48:02.226102 [debug] [MainThread]: On master: COMMIT
[0m02:48:02.226202 [debug] [MainThread]: Using duckdb connection "master"
[0m02:48:02.226294 [debug] [MainThread]: On master: COMMIT
[0m02:48:02.226464 [debug] [MainThread]: SQL status: OK in 0.000 seconds
[0m02:48:02.226588 [debug] [MainThread]: On master: Close
[0m02:48:02.229864 [debug] [Thread-1 (]: Began running node model.dbt_monitor.stg_orders
[0m02:48:02.230532 [info ] [Thread-1 (]: 1 of 1 START sql view model main.stg_orders .................................... [RUN]
[0m02:48:02.231084 [debug] [Thread-1 (]: Re-using an available connection from the pool (formerly list_dev_main, now model.dbt_monitor.stg_orders)
[0m02:48:02.231556 [debug] [Thread-1 (]: Began compiling node model.dbt_monitor.stg_orders
[0m02:48:02.236667 [debug] [Thread-1 (]: Writing injected SQL for node "model.dbt_monitor.stg_orders"
[0m02:48:02.238738 [debug] [Thread-1 (]: Began executing node model.dbt_monitor.stg_orders
[0m02:48:02.259277 [debug] [Thread-1 (]: Writing runtime sql for node "model.dbt_monitor.stg_orders"
[0m02:48:02.261598 [debug] [Thread-1 (]: Using duckdb connection "model.dbt_monitor.stg_orders"
[0m02:48:02.262190 [debug] [Thread-1 (]: On model.dbt_monitor.stg_orders: BEGIN
[0m02:48:02.262906 [debug] [Thread-1 (]: Opening a new connection, currently in state closed
[0m02:48:02.263944 [debug] [Thread-1 (]: SQL status: OK in 0.001 seconds
[0m02:48:02.264403 [debug] [Thread-1 (]: Using duckdb connection "model.dbt_monitor.stg_orders"
[0m02:48:02.264932 [debug] [Thread-1 (]: On model.dbt_monitor.stg_orders: /* {"app": "dbt", "dbt_version": "1.11.11", "profile_name": "dbt_monitor", "target_name": "dev", "node_id": "model.dbt_monitor.stg_orders"} */

  
  create view "dev"."main"."stg_orders__dbt_tmp" as (
    SELECT 
    1 AS order_id,
    'pending' AS status,
    100.00 AS amount
  );

[0m02:48:02.266083 [debug] [Thread-1 (]: SQL status: OK in 0.001 seconds
[0m02:48:02.270647 [debug] [Thread-1 (]: Using duckdb connection "model.dbt_monitor.stg_orders"
[0m02:48:02.271161 [debug] [Thread-1 (]: On model.dbt_monitor.stg_orders: /* {"app": "dbt", "dbt_version": "1.11.11", "profile_name": "dbt_monitor", "target_name": "dev", "node_id": "model.dbt_monitor.stg_orders"} */
alter view "dev"."main"."stg_orders" rename to "stg_orders__dbt_backup"
[0m02:48:02.272488 [debug] [Thread-1 (]: SQL status: OK in 0.001 seconds
[0m02:48:02.276855 [debug] [Thread-1 (]: Using duckdb connection "model.dbt_monitor.stg_orders"
[0m02:48:02.277170 [debug] [Thread-1 (]: On model.dbt_monitor.stg_orders: /* {"app": "dbt", "dbt_version": "1.11.11", "profile_name": "dbt_monitor", "target_name": "dev", "node_id": "model.dbt_monitor.stg_orders"} */
alter view "dev"."main"."stg_orders__dbt_tmp" rename to "stg_orders"
[0m02:48:02.277799 [debug] [Thread-1 (]: SQL status: OK in 0.000 seconds
[0m02:48:02.285322 [debug] [Thread-1 (]: On model.dbt_monitor.stg_orders: COMMIT
[0m02:48:02.285856 [debug] [Thread-1 (]: Using duckdb connection "model.dbt_monitor.stg_orders"
[0m02:48:02.286274 [debug] [Thread-1 (]: On model.dbt_monitor.stg_orders: COMMIT
[0m02:48:02.287928 [debug] [Thread-1 (]: SQL status: OK in 0.001 seconds
[0m02:48:02.293965 [debug] [Thread-1 (]: Using duckdb connection "model.dbt_monitor.stg_orders"
[0m02:48:02.294463 [debug] [Thread-1 (]: On model.dbt_monitor.stg_orders: /* {"app": "dbt", "dbt_version": "1.11.11", "profile_name": "dbt_monitor", "target_name": "dev", "node_id": "model.dbt_monitor.stg_orders"} */

      drop view if exists "dev"."main"."stg_orders__dbt_backup" cascade
    
[0m02:48:02.295527 [debug] [Thread-1 (]: SQL status: OK in 0.001 seconds
[0m02:48:02.296721 [debug] [Thread-1 (]: On model.dbt_monitor.stg_orders: Close
[0m02:48:02.299103 [debug] [Thread-1 (]: Sending event: {'category': 'dbt', 'action': 'run_model', 'label': 'af8b4f51-eb71-4033-915b-8634b9542260', 'context': [<snowplow_tracker.self_describing_json.SelfDescribingJson object at 0xffff8f6adb50>]}
[0m02:48:02.300065 [info ] [Thread-1 (]: 1 of 1 OK created sql view model main.stg_orders ............................... [[32mOK[0m in 0.07s]
[0m02:48:02.300468 [debug] [Thread-1 (]: Finished running node model.dbt_monitor.stg_orders
[0m02:48:02.302238 [debug] [MainThread]: Using duckdb connection "master"
[0m02:48:02.302793 [debug] [MainThread]: On master: BEGIN
[0m02:48:02.303196 [debug] [MainThread]: Opening a new connection, currently in state closed
[0m02:48:02.303960 [debug] [MainThread]: SQL status: OK in 0.001 seconds
[0m02:48:02.304432 [debug] [MainThread]: On master: COMMIT
[0m02:48:02.304653 [debug] [MainThread]: Using duckdb connection "master"
[0m02:48:02.305074 [debug] [MainThread]: On master: COMMIT
[0m02:48:02.305462 [debug] [MainThread]: SQL status: OK in 0.000 seconds
[0m02:48:02.305635 [debug] [MainThread]: On master: Close
[0m02:48:02.306079 [debug] [MainThread]: Connection 'master' was properly closed.
[0m02:48:02.306289 [debug] [MainThread]: Connection 'model.dbt_monitor.stg_orders' was properly closed.
[0m02:48:02.306450 [info ] [MainThread]: 
[0m02:48:02.306593 [info ] [MainThread]: Finished running 1 view model in 0 hours 0 minutes and 0.18 seconds (0.18s).
[0m02:48:02.306925 [debug] [MainThread]: Command end result
[0m02:48:02.341202 [debug] [MainThread]: Wrote artifact WritableManifest to /app/dbt_project/target/manifest.json
[0m02:48:02.342572 [debug] [MainThread]: Wrote artifact SemanticManifest to /app/dbt_project/target/semantic_manifest.json
[0m02:48:02.345061 [debug] [MainThread]: Wrote artifact RunExecutionResult to /app/dbt_project/target/run_results.json
[0m02:48:02.345184 [info ] [MainThread]: 
[0m02:48:02.345335 [info ] [MainThread]: [32mCompleted successfully[0m
[0m02:48:02.345436 [info ] [MainThread]: 
[0m02:48:02.345565 [info ] [MainThread]: Done. PASS=1 WARN=0 ERROR=0 SKIP=0 NO-OP=0 TOTAL=1
[0m02:48:02.346334 [debug] [MainThread]: Resource report: {"command_name": "run", "command_success": true, "command_wall_clock_time": 0.5266496, "process_in_blocks": "1456", "process_kernel_time": 0.251751, "process_mem_max_rss": "169140", "process_out_blocks": "33247", "process_user_time": 1.845841}
[0m02:48:02.346516 [debug] [MainThread]: Command `dbt run` succeeded at 02:48:02.346485 after 0.53 seconds
[0m02:48:02.346641 [debug] [MainThread]: Sending event: {'category': 'dbt', 'action': 'invocation', 'label': 'end', 'context': [<snowplow_tracker.self_describing_json.SelfDescribingJson object at 0xffff8cb1f620>, <snowplow_tracker.self_describing_json.SelfDescribingJson object at 0xffff8c3119d0>, <snowplow_tracker.self_describing_json.SelfDescribingJson object at 0xffff8d578e60>]}
[0m02:48:02.346773 [debug] [MainThread]: Flushing usage events
[0m02:48:02.834559 [debug] [MainThread]: An error was encountered while trying to flush usage events
[0m02:48:54.969625 [debug] [MainThread]: Sending event: {'category': 'dbt', 'action': 'invocation', 'label': 'start', 'context': [<snowplow_tracker.self_describing_json.SelfDescribingJson object at 0xffffb52bf3e0>, <snowplow_tracker.self_describing_json.SelfDescribingJson object at 0xffffb61284a0>, <snowplow_tracker.self_describing_json.SelfDescribingJson object at 0xffffb4e633b0>]}


============================== 02:48:54.973509 | 8ecf2b5f-2784-4ffc-9a3d-596f88ba9aff ==============================
[0m02:48:54.973509 [info ] [MainThread]: Running with dbt=1.11.11
[0m02:48:54.973767 [debug] [MainThread]: running dbt with arguments {'warn_error': 'None', 'profiles_dir': '.', 'use_colors': 'True', 'log_cache_events': 'False', 'indirect_selection': 'eager', 'debug': 'False', 'log_format': 'default', 'quiet': 'False', 'version_check': 'True', 'fail_fast': 'False', 'introspect': 'True', 'printer_width': '80', 'cache_selected_only': 'False', 'write_json': 'True', 'partial_parse': 'True', 'log_path': '/app/dbt_project/logs', 'send_anonymous_usage_stats': 'True', 'empty': 'False', 'static_parser': 'True', 'use_experimental_parser': 'False', 'target_path': 'None', 'invocation_command': 'dbt run --profiles-dir .', 'warn_error_options': 'WarnErrorOptionsV2(error=[], warn=[], silence=[])', 'no_print': 'None'}
[0m02:48:55.060155 [debug] [MainThread]: Sending event: {'category': 'dbt', 'action': 'project_id', 'label': '8ecf2b5f-2784-4ffc-9a3d-596f88ba9aff', 'context': [<snowplow_tracker.self_describing_json.SelfDescribingJson object at 0xffffaed59a60>]}
[0m02:48:55.081838 [debug] [MainThread]: Sending event: {'category': 'dbt', 'action': 'adapter_info', 'label': '8ecf2b5f-2784-4ffc-9a3d-596f88ba9aff', 'context': [<snowplow_tracker.self_describing_json.SelfDescribingJson object at 0xffffb4754d70>]}
[0m02:48:55.082686 [info ] [MainThread]: Registered adapter: duckdb=1.10.1
[0m02:48:55.108737 [debug] [MainThread]: checksum: 30a8cc8fdcbf66701b0944d4ccce3fa46dd04b61e5df68b9f16d57b2e0e3f0be, vars: {}, profile: , target: , version: 1.11.11
[0m02:48:55.143947 [debug] [MainThread]: Partial parsing enabled: 0 files deleted, 0 files added, 1 files changed.
[0m02:48:55.144308 [debug] [MainThread]: Partial parsing: updated file: dbt_monitor://models/staging/stg_orders.sql
[0m02:48:55.233338 [debug] [MainThread]: Sending event: {'category': 'dbt', 'action': 'load_project', 'label': '8ecf2b5f-2784-4ffc-9a3d-596f88ba9aff', 'context': [<snowplow_tracker.self_describing_json.SelfDescribingJson object at 0xffffae134350>]}
[0m02:48:55.259482 [debug] [MainThread]: Wrote artifact WritableManifest to /app/dbt_project/target/manifest.json
[0m02:48:55.260456 [debug] [MainThread]: Wrote artifact SemanticManifest to /app/dbt_project/target/semantic_manifest.json
[0m02:48:55.266739 [debug] [MainThread]: Sending event: {'category': 'dbt', 'action': 'resource_counts', 'label': '8ecf2b5f-2784-4ffc-9a3d-596f88ba9aff', 'context': [<snowplow_tracker.self_describing_json.SelfDescribingJson object at 0xffffae136840>]}
[0m02:48:55.266930 [info ] [MainThread]: Found 1 model, 485 macros
[0m02:48:55.267046 [debug] [MainThread]: Sending event: {'category': 'dbt', 'action': 'runnable_timing', 'label': '8ecf2b5f-2784-4ffc-9a3d-596f88ba9aff', 'context': [<snowplow_tracker.self_describing_json.SelfDescribingJson object at 0xffffae11ea80>]}
[0m02:48:55.267698 [info ] [MainThread]: 
[0m02:48:55.267825 [info ] [MainThread]: Concurrency: 1 threads (target='dev')
[0m02:48:55.267938 [info ] [MainThread]: 
[0m02:48:55.268111 [debug] [MainThread]: Acquiring new duckdb connection 'master'
[0m02:48:55.268513 [debug] [ThreadPool]: Acquiring new duckdb connection 'list_dev'
[0m02:48:55.285219 [debug] [ThreadPool]: Using duckdb connection "list_dev"
[0m02:48:55.285434 [debug] [ThreadPool]: On list_dev: /* {"app": "dbt", "dbt_version": "1.11.11", "profile_name": "dbt_monitor", "target_name": "dev", "connection_name": "list_dev"} */

    
    select schema_name
    from system.information_schema.schemata
    
    where lower(catalog_name) = '"dev"'
    
  
  
[0m02:48:55.285566 [debug] [ThreadPool]: Opening a new connection, currently in state init
[0m02:48:55.293543 [debug] [ThreadPool]: SQL status: OK in 0.008 seconds
[0m02:48:55.294217 [debug] [ThreadPool]: On list_dev: Close
[0m02:48:55.294523 [debug] [ThreadPool]: Re-using an available connection from the pool (formerly list_dev, now create_dev_main)
[0m02:48:55.294708 [debug] [ThreadPool]: Creating schema "database: "dev"
schema: "main"
"
[0m02:48:55.297401 [debug] [ThreadPool]: Using duckdb connection "create_dev_main"
[0m02:48:55.297572 [debug] [ThreadPool]: On create_dev_main: /* {"app": "dbt", "dbt_version": "1.11.11", "profile_name": "dbt_monitor", "target_name": "dev", "connection_name": "create_dev_main"} */

    
        select type from duckdb_databases()
        where lower(database_name)='dev'
        and type='sqlite'
    
  
[0m02:48:55.297725 [debug] [ThreadPool]: Opening a new connection, currently in state closed
[0m02:48:55.298148 [debug] [ThreadPool]: SQL status: OK in 0.000 seconds
[0m02:48:55.298586 [debug] [ThreadPool]: Using duckdb connection "create_dev_main"
[0m02:48:55.298692 [debug] [ThreadPool]: On create_dev_main: BEGIN
[0m02:48:55.298921 [debug] [ThreadPool]: SQL status: OK in 0.000 seconds
[0m02:48:55.299019 [debug] [ThreadPool]: Using duckdb connection "create_dev_main"
[0m02:48:55.299117 [debug] [ThreadPool]: On create_dev_main: /* {"app": "dbt", "dbt_version": "1.11.11", "profile_name": "dbt_monitor", "target_name": "dev", "connection_name": "create_dev_main"} */

    
    
        create schema if not exists "dev"."main"
    
[0m02:48:55.299339 [debug] [ThreadPool]: SQL status: OK in 0.000 seconds
[0m02:48:55.299628 [debug] [ThreadPool]: On create_dev_main: COMMIT
[0m02:48:55.299737 [debug] [ThreadPool]: Using duckdb connection "create_dev_main"
[0m02:48:55.299834 [debug] [ThreadPool]: On create_dev_main: COMMIT
[0m02:48:55.299998 [debug] [ThreadPool]: SQL status: OK in 0.000 seconds
[0m02:48:55.300096 [debug] [ThreadPool]: On create_dev_main: Close
[0m02:48:55.300579 [debug] [ThreadPool]: Acquiring new duckdb connection 'list_dev_main'
[0m02:48:55.303211 [debug] [ThreadPool]: Using duckdb connection "list_dev_main"
[0m02:48:55.303316 [debug] [ThreadPool]: On list_dev_main: BEGIN
[0m02:48:55.303420 [debug] [ThreadPool]: Opening a new connection, currently in state init
[0m02:48:55.303630 [debug] [ThreadPool]: SQL status: OK in 0.000 seconds
[0m02:48:55.303724 [debug] [ThreadPool]: Using duckdb connection "list_dev_main"
[0m02:48:55.303821 [debug] [ThreadPool]: On list_dev_main: /* {"app": "dbt", "dbt_version": "1.11.11", "profile_name": "dbt_monitor", "target_name": "dev", "connection_name": "list_dev_main"} */
select
      'dev' as database,
      table_name as name,
      table_schema as schema,
      CASE table_type
        WHEN 'BASE TABLE' THEN 'table'
        WHEN 'VIEW' THEN 'view'
        WHEN 'LOCAL TEMPORARY' THEN 'table'
        END as type
    from system.information_schema.tables
    where lower(table_schema) = 'main'
    and lower(table_catalog) = 'dev'
  
[0m02:48:55.305102 [debug] [ThreadPool]: SQL status: OK in 0.001 seconds
[0m02:48:55.305643 [debug] [ThreadPool]: On list_dev_main: ROLLBACK
[0m02:48:55.306182 [debug] [ThreadPool]: Failed to rollback 'list_dev_main'
[0m02:48:55.306319 [debug] [ThreadPool]: On list_dev_main: Close
[0m02:48:55.306715 [debug] [MainThread]: Sending event: {'category': 'dbt', 'action': 'runnable_timing', 'label': '8ecf2b5f-2784-4ffc-9a3d-596f88ba9aff', 'context': [<snowplow_tracker.self_describing_json.SelfDescribingJson object at 0xffffad62bcb0>]}
[0m02:48:55.306945 [debug] [MainThread]: Using duckdb connection "master"
[0m02:48:55.307053 [debug] [MainThread]: On master: BEGIN
[0m02:48:55.307163 [debug] [MainThread]: Opening a new connection, currently in state init
[0m02:48:55.307454 [debug] [MainThread]: SQL status: OK in 0.000 seconds
[0m02:48:55.307552 [debug] [MainThread]: On master: COMMIT
[0m02:48:55.307649 [debug] [MainThread]: Using duckdb connection "master"
[0m02:48:55.307737 [debug] [MainThread]: On master: COMMIT
[0m02:48:55.307901 [debug] [MainThread]: SQL status: OK in 0.000 seconds
[0m02:48:55.307997 [debug] [MainThread]: On master: Close
[0m02:48:55.309607 [debug] [Thread-1 (]: Began running node model.dbt_monitor.stg_orders
[0m02:48:55.309820 [info ] [Thread-1 (]: 1 of 1 START sql view model main.stg_orders .................................... [RUN]
[0m02:48:55.310008 [debug] [Thread-1 (]: Re-using an available connection from the pool (formerly list_dev_main, now model.dbt_monitor.stg_orders)
[0m02:48:55.310136 [debug] [Thread-1 (]: Began compiling node model.dbt_monitor.stg_orders
[0m02:48:55.312514 [debug] [Thread-1 (]: Writing injected SQL for node "model.dbt_monitor.stg_orders"
[0m02:48:55.312924 [debug] [Thread-1 (]: Began executing node model.dbt_monitor.stg_orders
[0m02:48:55.325508 [debug] [Thread-1 (]: Writing runtime sql for node "model.dbt_monitor.stg_orders"
[0m02:48:55.326088 [debug] [Thread-1 (]: Using duckdb connection "model.dbt_monitor.stg_orders"
[0m02:48:55.326239 [debug] [Thread-1 (]: On model.dbt_monitor.stg_orders: BEGIN
[0m02:48:55.326375 [debug] [Thread-1 (]: Opening a new connection, currently in state closed
[0m02:48:55.326815 [debug] [Thread-1 (]: SQL status: OK in 0.000 seconds
[0m02:48:55.326929 [debug] [Thread-1 (]: Using duckdb connection "model.dbt_monitor.stg_orders"
[0m02:48:55.327065 [debug] [Thread-1 (]: On model.dbt_monitor.stg_orders: /* {"app": "dbt", "dbt_version": "1.11.11", "profile_name": "dbt_monitor", "target_name": "dev", "node_id": "model.dbt_monitor.stg_orders"} */

  
  create view "dev"."main"."stg_orders__dbt_tmp" as (
    SELECT
    1 AS order_id,
    'pending' AS status,
    100.00 AS amount,
    'winnipeg' AS city
  );

[0m02:48:55.327541 [debug] [Thread-1 (]: SQL status: OK in 0.000 seconds
[0m02:48:55.329791 [debug] [Thread-1 (]: Using duckdb connection "model.dbt_monitor.stg_orders"
[0m02:48:55.329908 [debug] [Thread-1 (]: On model.dbt_monitor.stg_orders: /* {"app": "dbt", "dbt_version": "1.11.11", "profile_name": "dbt_monitor", "target_name": "dev", "node_id": "model.dbt_monitor.stg_orders"} */
alter view "dev"."main"."stg_orders" rename to "stg_orders__dbt_backup"
[0m02:48:55.330180 [debug] [Thread-1 (]: SQL status: OK in 0.000 seconds
[0m02:48:55.331205 [debug] [Thread-1 (]: Using duckdb connection "model.dbt_monitor.stg_orders"
[0m02:48:55.331318 [debug] [Thread-1 (]: On model.dbt_monitor.stg_orders: /* {"app": "dbt", "dbt_version": "1.11.11", "profile_name": "dbt_monitor", "target_name": "dev", "node_id": "model.dbt_monitor.stg_orders"} */
alter view "dev"."main"."stg_orders__dbt_tmp" rename to "stg_orders"
[0m02:48:55.331537 [debug] [Thread-1 (]: SQL status: OK in 0.000 seconds
[0m02:48:55.336363 [debug] [Thread-1 (]: On model.dbt_monitor.stg_orders: COMMIT
[0m02:48:55.336503 [debug] [Thread-1 (]: Using duckdb connection "model.dbt_monitor.stg_orders"
[0m02:48:55.336622 [debug] [Thread-1 (]: On model.dbt_monitor.stg_orders: COMMIT
[0m02:48:55.337179 [debug] [Thread-1 (]: SQL status: OK in 0.000 seconds
[0m02:48:55.339279 [debug] [Thread-1 (]: Using duckdb connection "model.dbt_monitor.stg_orders"
[0m02:48:55.339468 [debug] [Thread-1 (]: On model.dbt_monitor.stg_orders: /* {"app": "dbt", "dbt_version": "1.11.11", "profile_name": "dbt_monitor", "target_name": "dev", "node_id": "model.dbt_monitor.stg_orders"} */

      drop view if exists "dev"."main"."stg_orders__dbt_backup" cascade
    
[0m02:48:55.339991 [debug] [Thread-1 (]: SQL status: OK in 0.000 seconds
[0m02:48:55.340903 [debug] [Thread-1 (]: On model.dbt_monitor.stg_orders: Close
[0m02:48:55.341524 [debug] [Thread-1 (]: Sending event: {'category': 'dbt', 'action': 'run_model', 'label': '8ecf2b5f-2784-4ffc-9a3d-596f88ba9aff', 'context': [<snowplow_tracker.self_describing_json.SelfDescribingJson object at 0xffffae9b51c0>]}
[0m02:48:55.341783 [info ] [Thread-1 (]: 1 of 1 OK created sql view model main.stg_orders ............................... [[32mOK[0m in 0.03s]
[0m02:48:55.341983 [debug] [Thread-1 (]: Finished running node model.dbt_monitor.stg_orders
[0m02:48:55.342530 [debug] [MainThread]: Using duckdb connection "master"
[0m02:48:55.342700 [debug] [MainThread]: On master: BEGIN
[0m02:48:55.342789 [debug] [MainThread]: Opening a new connection, currently in state closed
[0m02:48:55.343007 [debug] [MainThread]: SQL status: OK in 0.000 seconds
[0m02:48:55.343094 [debug] [MainThread]: On master: COMMIT
[0m02:48:55.343172 [debug] [MainThread]: Using duckdb connection "master"
[0m02:48:55.343244 [debug] [MainThread]: On master: COMMIT
[0m02:48:55.343388 [debug] [MainThread]: SQL status: OK in 0.000 seconds
[0m02:48:55.343486 [debug] [MainThread]: On master: Close
[0m02:48:55.343602 [debug] [MainThread]: Connection 'master' was properly closed.
[0m02:48:55.343683 [debug] [MainThread]: Connection 'create_dev_main' was properly closed.
[0m02:48:55.343747 [debug] [MainThread]: Connection 'model.dbt_monitor.stg_orders' was properly closed.
[0m02:48:55.343843 [info ] [MainThread]: 
[0m02:48:55.343943 [info ] [MainThread]: Finished running 1 view model in 0 hours 0 minutes and 0.08 seconds (0.08s).
[0m02:48:55.344170 [debug] [MainThread]: Command end result
[0m02:48:55.383454 [debug] [MainThread]: Wrote artifact WritableManifest to /app/dbt_project/target/manifest.json
[0m02:48:55.384295 [debug] [MainThread]: Wrote artifact SemanticManifest to /app/dbt_project/target/semantic_manifest.json
[0m02:48:55.386542 [debug] [MainThread]: Wrote artifact RunExecutionResult to /app/dbt_project/target/run_results.json
[0m02:48:55.386686 [info ] [MainThread]: 
[0m02:48:55.386891 [info ] [MainThread]: [32mCompleted successfully[0m
[0m02:48:55.387033 [info ] [MainThread]: 
[0m02:48:55.387208 [info ] [MainThread]: Done. PASS=1 WARN=0 ERROR=0 SKIP=0 NO-OP=0 TOTAL=1
[0m02:48:55.387643 [debug] [MainThread]: Resource report: {"command_name": "run", "command_success": true, "command_wall_clock_time": 0.43843257, "process_in_blocks": "0", "process_kernel_time": 0.12632, "process_mem_max_rss": "172856", "process_out_blocks": "3134", "process_user_time": 1.188016}
[0m02:48:55.387836 [debug] [MainThread]: Command `dbt run` succeeded at 02:48:55.387799 after 0.44 seconds
[0m02:48:55.387989 [debug] [MainThread]: Sending event: {'category': 'dbt', 'action': 'invocation', 'label': 'end', 'context': [<snowplow_tracker.self_describing_json.SelfDescribingJson object at 0xffffb56991f0>, <snowplow_tracker.self_describing_json.SelfDescribingJson object at 0xffffb43d0110>, <snowplow_tracker.self_describing_json.SelfDescribingJson object at 0xffffae999430>]}
[0m02:48:55.388140 [debug] [MainThread]: Flushing usage events
[0m02:48:55.702448 [debug] [MainThread]: An error was encountered while trying to flush usage events
